"IndicatorCode","IndicatorName","VariableName","MeasurementName","CountryCode","Alpha3Code","CountryName","PeriodCode","Value",
"304","Enrolment rate of children in child care, %","Enrolment rate of children in child care","Percent","051","ARM","Armenia","2005","6.5",
"304","Enrolment rate of children in child care, %","Enrolment rate of children in child care","Percent","051","ARM","Armenia","2006","6.6",
"304","Enrolment rate of children in child care, %","Enrolment rate of children in child care","Percent","051","ARM","Armenia","2007","6.5",
"304","Enrolment rate of children in child care, %","Enrolment rate of children in child care","Percent","051","ARM","Armenia","2008","6.8",
"304","Enrolment rate of children in child care, %","Enrolment rate of children in child care","Percent","051","ARM","Armenia","2009","6.1",
"304","Enrolment rate of children in child care, %","Enrolment rate of children in child care","Percent","051","ARM","Armenia","2010","6.1",
"304","Enrolment rate of children in child care, %","Enrolment rate of children in child care","Percent","051","ARM","Armenia","2011","7.0",
"304","Enrolment rate of children in child care, %","Enrolment rate of children in child care","Percent","051","ARM","Armenia","2012","8.0",
"304","Enrolment rate of children in child care, %","Enrolment rate of children in child care","Percent","051","ARM","Armenia","2013","6.0",
"304","Enrolment rate of children in child care, %","Enrolment rate of children in child care","Percent","051","ARM","Armenia","2014","6.0",
"304","Enrolment rate of children in child care, %","Enrolment rate of children in child care","Percent","051","ARM","Armenia","2015","6.0",
"304","Enrolment rate of children in child care, %","Enrolment rate of children in child care","Percent","051","ARM","Armenia","2016","..",
"304","Enrolment rate of children in child care, %","Enrolment rate of children in child care","Percent","051","ARM","Armenia","2017","..",
"304","Enrolment rate of children in child care, %","Enrolment rate of children in child care","Percent","040","AUT","Austria","2005","10.0",
"304","Enrolment rate of children in child care, %","Enrolment rate of children in child care","Percent","040","AUT","Austria","2006","11.0",
"304","Enrolment rate of children in child care, %","Enrolment rate of children in child care","Percent","040","AUT","Austria","2007","12.0",
"304","Enrolment rate of children in child care, %","Enrolment rate of children in child care","Percent","040","AUT","Austria","2008","14.0",
"304","Enrolment rate of children in child care, %","Enrolment rate of children in child care","Percent","040","AUT","Austria","2009","16.0",
"304","Enrolment rate of children in child care, %","Enrolment rate of children in child care","Percent","040","AUT","Austria","2010","17.0",
"304","Enrolment rate of children in child care, %","Enrolment rate of children in child care","Percent","040","AUT","Austria","2011","20.0",
"304","Enrolment rate of children in child care, %","Enrolment rate of children in child care","Percent","040","AUT","Austria","2012","21.0",
"304","Enrolment rate of children in child care, %","Enrolment rate of children in child care","Percent","040","AUT","Austria","2013","23.0",
"304","Enrolment rate of children in child care, %","Enrolment rate of children in child care","Percent","040","AUT","Austria","2014","24.0",
"304","Enrolment rate of children in child care, %","Enrolment rate of children in child care","Percent","040","AUT","Austria","2015","26.0",
"304","Enrolment rate of children in child care, %","Enrolment rate of children in child care","Percent","040","AUT","Austria","2016","25.0",
"304","Enrolment rate of children in child care, %","Enrolment rate of children in child care","Percent","040","AUT","Austria","2017","26.0",
"304","Enrolment rate of children in child care, %","Enrolment rate of children in child care","Percent","031","AZE","Azerbaijan","2005","4.0",
"304","Enrolment rate of children in child care, %","Enrolment rate of children in child care","Percent","031","AZE","Azerbaijan","2006","4.0",
"304","Enrolment rate of children in child care, %","Enrolment rate of children in child care","Percent","031","AZE","Azerbaijan","2007","4.0",
"304","Enrolment rate of children in child care, %","Enrolment rate of children in child care","Percent","031","AZE","Azerbaijan","2008","4.0",
"304","Enrolment rate of children in child care, %","Enrolment rate of children in child care","Percent","031","AZE","Azerbaijan","2009","3.0",
"304","Enrolment rate of children in child care, %","Enrolment rate of children in child care","Percent","031","AZE","Azerbaijan","2010","3.0",
"304","Enrolment rate of children in child care, %","Enrolment rate of children in child care","Percent","031","AZE","Azerbaijan","2011","3.0",
"304","Enrolment rate of children in child care, %","Enrolment rate of children in child care","Percent","031","AZE","Azerbaijan","2012","3.0",
"304","Enrolment rate of children in child care, %","Enrolment rate of children in child care","Percent","031","AZE","Azerbaijan","2013","3.0",
"304","Enrolment rate of children in child care, %","Enrolment rate of children in child care","Percent","031","AZE","Azerbaijan","2014","3.0",
"304","Enrolment rate of children in child care, %","Enrolment rate of children in child care","Percent","031","AZE","Azerbaijan","2015","3.0",
"304","Enrolment rate of children in child care, %","Enrolment rate of children in child care","Percent","031","AZE","Azerbaijan","2016","3.0",
"304","Enrolment rate of children in child care, %","Enrolment rate of children in child care","Percent","031","AZE","Azerbaijan","2017","3.0",
"304","Enrolment rate of children in child care, %","Enrolment rate of children in child care","Percent","112","BLR","Belarus","2005","26.3",
"304","Enrolment rate of children in child care, %","Enrolment rate of children in child care","Percent","112","BLR","Belarus","2006","26.2",
"304","Enrolment rate of children in child care, %","Enrolment rate of children in child care","Percent","112","BLR","Belarus","2007","26.0",
"304","Enrolment rate of children in child care, %","Enrolment rate of children in child care","Percent","112","BLR","Belarus","2008","28.4",
"304","Enrolment rate of children in child care, %","Enrolment rate of children in child care","Percent","112","BLR","Belarus","2009","27.6",
"304","Enrolment rate of children in child care, %","Enrolment rate of children in child care","Percent","112","BLR","Belarus","2010","27.6",
"304","Enrolment rate of children in child care, %","Enrolment rate of children in child care","Percent","112","BLR","Belarus","2011","30.4",
"304","Enrolment rate of children in child care, %","Enrolment rate of children in child care","Percent","112","BLR","Belarus","2012","29.5",
"304","Enrolment rate of children in child care, %","Enrolment rate of children in child care","Percent","112","BLR","Belarus","2013","29.3",
"304","Enrolment rate of children in child care, %","Enrolment rate of children in child care","Percent","112","BLR","Belarus","2014","29.2",
"304","Enrolment rate of children in child care, %","Enrolment rate of children in child care","Percent","112","BLR","Belarus","2015","29.1",
"304","Enrolment rate of children in child care, %","Enrolment rate of children in child care","Percent","112","BLR","Belarus","2016","29.0",
"304","Enrolment rate of children in child care, %","Enrolment rate of children in child care","Percent","112","BLR","Belarus","2017","29.0",
"304","Enrolment rate of children in child care, %","Enrolment rate of children in child care","Percent","056","BEL","Belgium","2005","30.0",
"304","Enrolment rate of children in child care, %","Enrolment rate of children in child care","Percent","056","BEL","Belgium","2006","31.0",
"304","Enrolment rate of children in child care, %","Enrolment rate of children in child care","Percent","056","BEL","Belgium","2007","32.0",
"304","Enrolment rate of children in child care, %","Enrolment rate of children in child care","Percent","056","BEL","Belgium","2008","33.0",
"304","Enrolment rate of children in child care, %","Enrolment rate of children in child care","Percent","056","BEL","Belgium","2009","35.7",
"304","Enrolment rate of children in child care, %","Enrolment rate of children in child care","Percent","056","BEL","Belgium","2010","35.1",
"304","Enrolment rate of children in child care, %","Enrolment rate of children in child care","Percent","056","BEL","Belgium","2011","34.9",
"304","Enrolment rate of children in child care, %","Enrolment rate of children in child care","Percent","056","BEL","Belgium","2012","36.9",
"304","Enrolment rate of children in child care, %","Enrolment rate of children in child care","Percent","056","BEL","Belgium","2013","37.7",
"304","Enrolment rate of children in child care, %","Enrolment rate of children in child care","Percent","056","BEL","Belgium","2014","38.8",
"304","Enrolment rate of children in child care, %","Enrolment rate of children in child care","Percent","056","BEL","Belgium","2015","38.7",
"304","Enrolment rate of children in child care, %","Enrolment rate of children in child care","Percent","056","BEL","Belgium","2016","40.6",
"304","Enrolment rate of children in child care, %","Enrolment rate of children in child care","Percent","056","BEL","Belgium","2017","43.1",
"304","Enrolment rate of children in child care, %","Enrolment rate of children in child care","Percent","100","BGR","Bulgaria","2005","11.0",
"304","Enrolment rate of children in child care, %","Enrolment rate of children in child care","Percent","100","BGR","Bulgaria","2006","12.0",
"304","Enrolment rate of children in child care, %","Enrolment rate of children in child care","Percent","100","BGR","Bulgaria","2007","12.0",
"304","Enrolment rate of children in child care, %","Enrolment rate of children in child care","Percent","100","BGR","Bulgaria","2008","12.0",
"304","Enrolment rate of children in child care, %","Enrolment rate of children in child care","Percent","100","BGR","Bulgaria","2009","13.0",
"304","Enrolment rate of children in child care, %","Enrolment rate of children in child care","Percent","100","BGR","Bulgaria","2010","14.0",
"304","Enrolment rate of children in child care, %","Enrolment rate of children in child care","Percent","100","BGR","Bulgaria","2011","15.0",
"304","Enrolment rate of children in child care, %","Enrolment rate of children in child care","Percent","100","BGR","Bulgaria","2012","15.0",
"304","Enrolment rate of children in child care, %","Enrolment rate of children in child care","Percent","100","BGR","Bulgaria","2013","15.0",
"304","Enrolment rate of children in child care, %","Enrolment rate of children in child care","Percent","100","BGR","Bulgaria","2014","15.0",
"304","Enrolment rate of children in child care, %","Enrolment rate of children in child care","Percent","100","BGR","Bulgaria","2015","16.0",
"304","Enrolment rate of children in child care, %","Enrolment rate of children in child care","Percent","100","BGR","Bulgaria","2016","16.0",
"304","Enrolment rate of children in child care, %","Enrolment rate of children in child care","Percent","100","BGR","Bulgaria","2017","17.0",
"304","Enrolment rate of children in child care, %","Enrolment rate of children in child care","Percent","191","HRV","Croatia","2005","16.5",
"304","Enrolment rate of children in child care, %","Enrolment rate of children in child care","Percent","191","HRV","Croatia","2006","18.1",
"304","Enrolment rate of children in child care, %","Enrolment rate of children in child care","Percent","191","HRV","Croatia","2007","19.6",
"304","Enrolment rate of children in child care, %","Enrolment rate of children in child care","Percent","191","HRV","Croatia","2008","20.1",
"304","Enrolment rate of children in child care, %","Enrolment rate of children in child care","Percent","191","HRV","Croatia","2009","20.7",
"304","Enrolment rate of children in child care, %","Enrolment rate of children in child care","Percent","191","HRV","Croatia","2010","21.6",
"304","Enrolment rate of children in child care, %","Enrolment rate of children in child care","Percent","191","HRV","Croatia","2011","22.4",
"304","Enrolment rate of children in child care, %","Enrolment rate of children in child care","Percent","191","HRV","Croatia","2012","22.8",
"304","Enrolment rate of children in child care, %","Enrolment rate of children in child care","Percent","191","HRV","Croatia","2013","22.6",
"304","Enrolment rate of children in child care, %","Enrolment rate of children in child care","Percent","191","HRV","Croatia","2014","23.5",
"304","Enrolment rate of children in child care, %","Enrolment rate of children in child care","Percent","191","HRV","Croatia","2015","24.2",
"304","Enrolment rate of children in child care, %","Enrolment rate of children in child care","Percent","191","HRV","Croatia","2016","26.1",
"304","Enrolment rate of children in child care, %","Enrolment rate of children in child care","Percent","191","HRV","Croatia","2017","27.5",
"304","Enrolment rate of children in child care, %","Enrolment rate of children in child care","Percent","196","CYP","Cyprus","2005","17.0",
"304","Enrolment rate of children in child care, %","Enrolment rate of children in child care","Percent","196","CYP","Cyprus","2006","19.0",
"304","Enrolment rate of children in child care, %","Enrolment rate of children in child care","Percent","196","CYP","Cyprus","2007","20.0",
"304","Enrolment rate of children in child care, %","Enrolment rate of children in child care","Percent","196","CYP","Cyprus","2008","18.0",
"304","Enrolment rate of children in child care, %","Enrolment rate of children in child care","Percent","196","CYP","Cyprus","2009","18.0",
"304","Enrolment rate of children in child care, %","Enrolment rate of children in child care","Percent","196","CYP","Cyprus","2010","17.0",
"304","Enrolment rate of children in child care, %","Enrolment rate of children in child care","Percent","196","CYP","Cyprus","2011","17.0",
"304","Enrolment rate of children in child care, %","Enrolment rate of children in child care","Percent","196","CYP","Cyprus","2012","17.0",
"304","Enrolment rate of children in child care, %","Enrolment rate of children in child care","Percent","196","CYP","Cyprus","2013","17.0",
"304","Enrolment rate of children in child care, %","Enrolment rate of children in child care","Percent","196","CYP","Cyprus","2014","19.0",
"304","Enrolment rate of children in child care, %","Enrolment rate of children in child care","Percent","196","CYP","Cyprus","2015","20.0",
"304","Enrolment rate of children in child care, %","Enrolment rate of children in child care","Percent","196","CYP","Cyprus","2016","22.0",
"304","Enrolment rate of children in child care, %","Enrolment rate of children in child care","Percent","196","CYP","Cyprus","2017","..",
"304","Enrolment rate of children in child care, %","Enrolment rate of children in child care","Percent","203","CZE","Czechia","2005","7.0",
"304","Enrolment rate of children in child care, %","Enrolment rate of children in child care","Percent","203","CZE","Czechia","2006","6.3",
"304","Enrolment rate of children in child care, %","Enrolment rate of children in child care","Percent","203","CZE","Czechia","2007","6.2",
"304","Enrolment rate of children in child care, %","Enrolment rate of children in child care","Percent","203","CZE","Czechia","2008","6.4",
"304","Enrolment rate of children in child care, %","Enrolment rate of children in child care","Percent","203","CZE","Czechia","2009","7.0",
"304","Enrolment rate of children in child care, %","Enrolment rate of children in child care","Percent","203","CZE","Czechia","2010","7.3",
"304","Enrolment rate of children in child care, %","Enrolment rate of children in child care","Percent","203","CZE","Czechia","2011","7.0",
"304","Enrolment rate of children in child care, %","Enrolment rate of children in child care","Percent","203","CZE","Czechia","2012","..",
"304","Enrolment rate of children in child care, %","Enrolment rate of children in child care","Percent","203","CZE","Czechia","2013","..",
"304","Enrolment rate of children in child care, %","Enrolment rate of children in child care","Percent","203","CZE","Czechia","2014","..",
"304","Enrolment rate of children in child care, %","Enrolment rate of children in child care","Percent","203","CZE","Czechia","2015","..",
"304","Enrolment rate of children in child care, %","Enrolment rate of children in child care","Percent","203","CZE","Czechia","2016","..",
"304","Enrolment rate of children in child care, %","Enrolment rate of children in child care","Percent","203","CZE","Czechia","2017","..",
"304","Enrolment rate of children in child care, %","Enrolment rate of children in child care","Percent","208","DNK","Denmark","2005","61.8",
"304","Enrolment rate of children in child care, %","Enrolment rate of children in child care","Percent","208","DNK","Denmark","2006","63.2",
"304","Enrolment rate of children in child care, %","Enrolment rate of children in child care","Percent","208","DNK","Denmark","2007","66.9",
"304","Enrolment rate of children in child care, %","Enrolment rate of children in child care","Percent","208","DNK","Denmark","2008","67.1",
"304","Enrolment rate of children in child care, %","Enrolment rate of children in child care","Percent","208","DNK","Denmark","2009","66.7",
"304","Enrolment rate of children in child care, %","Enrolment rate of children in child care","Percent","208","DNK","Denmark","2010","68.4",
"304","Enrolment rate of children in child care, %","Enrolment rate of children in child care","Percent","208","DNK","Denmark","2011","69.1",
"304","Enrolment rate of children in child care, %","Enrolment rate of children in child care","Percent","208","DNK","Denmark","2012","69.2",
"304","Enrolment rate of children in child care, %","Enrolment rate of children in child care","Percent","208","DNK","Denmark","2013","69.1",
"304","Enrolment rate of children in child care, %","Enrolment rate of children in child care","Percent","208","DNK","Denmark","2014","67.4",
"304","Enrolment rate of children in child care, %","Enrolment rate of children in child care","Percent","208","DNK","Denmark","2015","68.6",
"304","Enrolment rate of children in child care, %","Enrolment rate of children in child care","Percent","208","DNK","Denmark","2016","67.1",
"304","Enrolment rate of children in child care, %","Enrolment rate of children in child care","Percent","208","DNK","Denmark","2017","68.3",
"304","Enrolment rate of children in child care, %","Enrolment rate of children in child care","Percent","233","EST","Estonia","2005","35.0",
"304","Enrolment rate of children in child care, %","Enrolment rate of children in child care","Percent","233","EST","Estonia","2006","35.0",
"304","Enrolment rate of children in child care, %","Enrolment rate of children in child care","Percent","233","EST","Estonia","2007","35.0",
"304","Enrolment rate of children in child care, %","Enrolment rate of children in child care","Percent","233","EST","Estonia","2008","25.0",
"304","Enrolment rate of children in child care, %","Enrolment rate of children in child care","Percent","233","EST","Estonia","2009","31.0",
"304","Enrolment rate of children in child care, %","Enrolment rate of children in child care","Percent","233","EST","Estonia","2010","30.0",
"304","Enrolment rate of children in child care, %","Enrolment rate of children in child care","Percent","233","EST","Estonia","2011","30.0",
"304","Enrolment rate of children in child care, %","Enrolment rate of children in child care","Percent","233","EST","Estonia","2012","30.0",
"304","Enrolment rate of children in child care, %","Enrolment rate of children in child care","Percent","233","EST","Estonia","2013","30.0",
"304","Enrolment rate of children in child care, %","Enrolment rate of children in child care","Percent","233","EST","Estonia","2014","30.0",
"304","Enrolment rate of children in child care, %","Enrolment rate of children in child care","Percent","233","EST","Estonia","2015","31.0",
"304","Enrolment rate of children in child care, %","Enrolment rate of children in child care","Percent","233","EST","Estonia","2016","..",
"304","Enrolment rate of children in child care, %","Enrolment rate of children in child care","Percent","233","EST","Estonia","2017","..",
"304","Enrolment rate of children in child care, %","Enrolment rate of children in child care","Percent","246","FIN","Finland","2005","22.8",
"304","Enrolment rate of children in child care, %","Enrolment rate of children in child care","Percent","246","FIN","Finland","2006","23.8",
"304","Enrolment rate of children in child care, %","Enrolment rate of children in child care","Percent","246","FIN","Finland","2007","24.9",
"304","Enrolment rate of children in child care, %","Enrolment rate of children in child care","Percent","246","FIN","Finland","2008","25.9",
"304","Enrolment rate of children in child care, %","Enrolment rate of children in child care","Percent","246","FIN","Finland","2009","24.2",
"304","Enrolment rate of children in child care, %","Enrolment rate of children in child care","Percent","246","FIN","Finland","2010","24.6",
"304","Enrolment rate of children in child care, %","Enrolment rate of children in child care","Percent","246","FIN","Finland","2011","25.5",
"304","Enrolment rate of children in child care, %","Enrolment rate of children in child care","Percent","246","FIN","Finland","2012","25.0",
"304","Enrolment rate of children in child care, %","Enrolment rate of children in child care","Percent","246","FIN","Finland","2013","25.1",
"304","Enrolment rate of children in child care, %","Enrolment rate of children in child care","Percent","246","FIN","Finland","2014","25.1",
"304","Enrolment rate of children in child care, %","Enrolment rate of children in child care","Percent","246","FIN","Finland","2015","25.4",
"304","Enrolment rate of children in child care, %","Enrolment rate of children in child care","Percent","246","FIN","Finland","2016","25.7",
"304","Enrolment rate of children in child care, %","Enrolment rate of children in child care","Percent","246","FIN","Finland","2017","..",
"304","Enrolment rate of children in child care, %","Enrolment rate of children in child care","Percent","268","GEO","Georgia","2005","7.0",
"304","Enrolment rate of children in child care, %","Enrolment rate of children in child care","Percent","268","GEO","Georgia","2006","6.0",
"304","Enrolment rate of children in child care, %","Enrolment rate of children in child care","Percent","268","GEO","Georgia","2007","..",
"304","Enrolment rate of children in child care, %","Enrolment rate of children in child care","Percent","268","GEO","Georgia","2008","5.0",
"304","Enrolment rate of children in child care, %","Enrolment rate of children in child care","Percent","268","GEO","Georgia","2009","5.0",
"304","Enrolment rate of children in child care, %","Enrolment rate of children in child care","Percent","268","GEO","Georgia","2010","6.0",
"304","Enrolment rate of children in child care, %","Enrolment rate of children in child care","Percent","268","GEO","Georgia","2011","..",
"304","Enrolment rate of children in child care, %","Enrolment rate of children in child care","Percent","268","GEO","Georgia","2012","..",
"304","Enrolment rate of children in child care, %","Enrolment rate of children in child care","Percent","268","GEO","Georgia","2013","..",
"304","Enrolment rate of children in child care, %","Enrolment rate of children in child care","Percent","268","GEO","Georgia","2014","..",
"304","Enrolment rate of children in child care, %","Enrolment rate of children in child care","Percent","268","GEO","Georgia","2015","..",
"304","Enrolment rate of children in child care, %","Enrolment rate of children in child care","Percent","268","GEO","Georgia","2016","..",
"304","Enrolment rate of children in child care, %","Enrolment rate of children in child care","Percent","268","GEO","Georgia","2017","32.0",
"304","Enrolment rate of children in child care, %","Enrolment rate of children in child care","Percent","276","DEU","Germany","2005","14.0",
"304","Enrolment rate of children in child care, %","Enrolment rate of children in child care","Percent","276","DEU","Germany","2006","16.0",
"304","Enrolment rate of children in child care, %","Enrolment rate of children in child care","Percent","276","DEU","Germany","2007","18.0",
"304","Enrolment rate of children in child care, %","Enrolment rate of children in child care","Percent","276","DEU","Germany","2008","20.0",
"304","Enrolment rate of children in child care, %","Enrolment rate of children in child care","Percent","276","DEU","Germany","2009","23.0",
"304","Enrolment rate of children in child care, %","Enrolment rate of children in child care","Percent","276","DEU","Germany","2010","25.0",
"304","Enrolment rate of children in child care, %","Enrolment rate of children in child care","Percent","276","DEU","Germany","2011","28.0",
"304","Enrolment rate of children in child care, %","Enrolment rate of children in child care","Percent","276","DEU","Germany","2012","29.0",
"304","Enrolment rate of children in child care, %","Enrolment rate of children in child care","Percent","276","DEU","Germany","2013","32.0",
"304","Enrolment rate of children in child care, %","Enrolment rate of children in child care","Percent","276","DEU","Germany","2014","33.0",
"304","Enrolment rate of children in child care, %","Enrolment rate of children in child care","Percent","276","DEU","Germany","2015","33.0",
"304","Enrolment rate of children in child care, %","Enrolment rate of children in child care","Percent","276","DEU","Germany","2016","33.0",
"304","Enrolment rate of children in child care, %","Enrolment rate of children in child care","Percent","276","DEU","Germany","2017","34.0",
"304","Enrolment rate of children in child care, %","Enrolment rate of children in child care","Percent","300","GRC","Greece","2005","4.0",
"304","Enrolment rate of children in child care, %","Enrolment rate of children in child care","Percent","300","GRC","Greece","2006","4.0",
"304","Enrolment rate of children in child care, %","Enrolment rate of children in child care","Percent","300","GRC","Greece","2007","5.0",
"304","Enrolment rate of children in child care, %","Enrolment rate of children in child care","Percent","300","GRC","Greece","2008","..",
"304","Enrolment rate of children in child care, %","Enrolment rate of children in child care","Percent","300","GRC","Greece","2009","..",
"304","Enrolment rate of children in child care, %","Enrolment rate of children in child care","Percent","300","GRC","Greece","2010","..",
"304","Enrolment rate of children in child care, %","Enrolment rate of children in child care","Percent","300","GRC","Greece","2011","..",
"304","Enrolment rate of children in child care, %","Enrolment rate of children in child care","Percent","300","GRC","Greece","2012","..",
"304","Enrolment rate of children in child care, %","Enrolment rate of children in child care","Percent","300","GRC","Greece","2013","..",
"304","Enrolment rate of children in child care, %","Enrolment rate of children in child care","Percent","300","GRC","Greece","2014","..",
"304","Enrolment rate of children in child care, %","Enrolment rate of children in child care","Percent","300","GRC","Greece","2015","..",
"304","Enrolment rate of children in child care, %","Enrolment rate of children in child care","Percent","300","GRC","Greece","2016","..",
"304","Enrolment rate of children in child care, %","Enrolment rate of children in child care","Percent","300","GRC","Greece","2017","..",
"304","Enrolment rate of children in child care, %","Enrolment rate of children in child care","Percent","348","HUN","Hungary","2005","6.8",
"304","Enrolment rate of children in child care, %","Enrolment rate of children in child care","Percent","348","HUN","Hungary","2006","7.0",
"304","Enrolment rate of children in child care, %","Enrolment rate of children in child care","Percent","348","HUN","Hungary","2007","7.9",
"304","Enrolment rate of children in child care, %","Enrolment rate of children in child care","Percent","348","HUN","Hungary","2008","12.0",
"304","Enrolment rate of children in child care, %","Enrolment rate of children in child care","Percent","348","HUN","Hungary","2009","12.8",
"304","Enrolment rate of children in child care, %","Enrolment rate of children in child care","Percent","348","HUN","Hungary","2010","13.9",
"304","Enrolment rate of children in child care, %","Enrolment rate of children in child care","Percent","348","HUN","Hungary","2011","15.2",
"304","Enrolment rate of children in child care, %","Enrolment rate of children in child care","Percent","348","HUN","Hungary","2012","16.3",
"304","Enrolment rate of children in child care, %","Enrolment rate of children in child care","Percent","348","HUN","Hungary","2013","16.0",
"304","Enrolment rate of children in child care, %","Enrolment rate of children in child care","Percent","348","HUN","Hungary","2014","16.0",
"304","Enrolment rate of children in child care, %","Enrolment rate of children in child care","Percent","348","HUN","Hungary","2015","16.0",
"304","Enrolment rate of children in child care, %","Enrolment rate of children in child care","Percent","348","HUN","Hungary","2016","16.0",
"304","Enrolment rate of children in child care, %","Enrolment rate of children in child care","Percent","348","HUN","Hungary","2017","16.0",
"304","Enrolment rate of children in child care, %","Enrolment rate of children in child care","Percent","352","ISL","Iceland","2005","53.0",
"304","Enrolment rate of children in child care, %","Enrolment rate of children in child care","Percent","352","ISL","Iceland","2006","55.0",
"304","Enrolment rate of children in child care, %","Enrolment rate of children in child care","Percent","352","ISL","Iceland","2007","55.0",
"304","Enrolment rate of children in child care, %","Enrolment rate of children in child care","Percent","352","ISL","Iceland","2008","55.0",
"304","Enrolment rate of children in child care, %","Enrolment rate of children in child care","Percent","352","ISL","Iceland","2009","54.0",
"304","Enrolment rate of children in child care, %","Enrolment rate of children in child care","Percent","352","ISL","Iceland","2010","55.0",
"304","Enrolment rate of children in child care, %","Enrolment rate of children in child care","Percent","352","ISL","Iceland","2011","57.0",
"304","Enrolment rate of children in child care, %","Enrolment rate of children in child care","Percent","352","ISL","Iceland","2012","58.0",
"304","Enrolment rate of children in child care, %","Enrolment rate of children in child care","Percent","352","ISL","Iceland","2013","58.0",
"304","Enrolment rate of children in child care, %","Enrolment rate of children in child care","Percent","352","ISL","Iceland","2014","59.0",
"304","Enrolment rate of children in child care, %","Enrolment rate of children in child care","Percent","352","ISL","Iceland","2015","60.0",
"304","Enrolment rate of children in child care, %","Enrolment rate of children in child care","Percent","352","ISL","Iceland","2016","60.0",
"304","Enrolment rate of children in child care, %","Enrolment rate of children in child care","Percent","352","ISL","Iceland","2017","59.0",
"304","Enrolment rate of children in child care, %","Enrolment rate of children in child care","Percent","376","ISR","Israel","2005","..",
"304","Enrolment rate of children in child care, %","Enrolment rate of children in child care","Percent","376","ISR","Israel","2006","51.1",
"304","Enrolment rate of children in child care, %","Enrolment rate of children in child care","Percent","376","ISR","Israel","2007","53.7",
"304","Enrolment rate of children in child care, %","Enrolment rate of children in child care","Percent","376","ISR","Israel","2008","55.0",
"304","Enrolment rate of children in child care, %","Enrolment rate of children in child care","Percent","376","ISR","Israel","2009","59.0",
"304","Enrolment rate of children in child care, %","Enrolment rate of children in child care","Percent","376","ISR","Israel","2010","64.5",
"304","Enrolment rate of children in child care, %","Enrolment rate of children in child care","Percent","376","ISR","Israel","2011","62.5",
"304","Enrolment rate of children in child care, %","Enrolment rate of children in child care","Percent","376","ISR","Israel","2012","65.8",
"304","Enrolment rate of children in child care, %","Enrolment rate of children in child care","Percent","376","ISR","Israel","2013","66.1",
"304","Enrolment rate of children in child care, %","Enrolment rate of children in child care","Percent","376","ISR","Israel","2014","66.1",
"304","Enrolment rate of children in child care, %","Enrolment rate of children in child care","Percent","376","ISR","Israel","2015","67.9",
"304","Enrolment rate of children in child care, %","Enrolment rate of children in child care","Percent","376","ISR","Israel","2016","67.6",
"304","Enrolment rate of children in child care, %","Enrolment rate of children in child care","Percent","376","ISR","Israel","2017","..",
"304","Enrolment rate of children in child care, %","Enrolment rate of children in child care","Percent","380","ITA","Italy","2005","19.7",
"304","Enrolment rate of children in child care, %","Enrolment rate of children in child care","Percent","380","ITA","Italy","2006","22.4",
"304","Enrolment rate of children in child care, %","Enrolment rate of children in child care","Percent","380","ITA","Italy","2007","19.6",
"304","Enrolment rate of children in child care, %","Enrolment rate of children in child care","Percent","380","ITA","Italy","2008","23.1",
"304","Enrolment rate of children in child care, %","Enrolment rate of children in child care","Percent","380","ITA","Italy","2009","20.6",
"304","Enrolment rate of children in child care, %","Enrolment rate of children in child care","Percent","380","ITA","Italy","2010","18.0",
"304","Enrolment rate of children in child care, %","Enrolment rate of children in child care","Percent","380","ITA","Italy","2011","22.9",
"304","Enrolment rate of children in child care, %","Enrolment rate of children in child care","Percent","380","ITA","Italy","2012","20.0",
"304","Enrolment rate of children in child care, %","Enrolment rate of children in child care","Percent","380","ITA","Italy","2013","19.0",
"304","Enrolment rate of children in child care, %","Enrolment rate of children in child care","Percent","380","ITA","Italy","2014","23.0",
"304","Enrolment rate of children in child care, %","Enrolment rate of children in child care","Percent","380","ITA","Italy","2015","..",
"304","Enrolment rate of children in child care, %","Enrolment rate of children in child care","Percent","380","ITA","Italy","2016","..",
"304","Enrolment rate of children in child care, %","Enrolment rate of children in child care","Percent","380","ITA","Italy","2017","..",
"304","Enrolment rate of children in child care, %","Enrolment rate of children in child care","Percent","398","KAZ","Kazakhstan","2005","6.0",
"304","Enrolment rate of children in child care, %","Enrolment rate of children in child care","Percent","398","KAZ","Kazakhstan","2006","6.5",
"304","Enrolment rate of children in child care, %","Enrolment rate of children in child care","Percent","398","KAZ","Kazakhstan","2007","7.0",
"304","Enrolment rate of children in child care, %","Enrolment rate of children in child care","Percent","398","KAZ","Kazakhstan","2008","7.5",
"304","Enrolment rate of children in child care, %","Enrolment rate of children in child care","Percent","398","KAZ","Kazakhstan","2009","7.6",
"304","Enrolment rate of children in child care, %","Enrolment rate of children in child care","Percent","398","KAZ","Kazakhstan","2010","11.2",
"304","Enrolment rate of children in child care, %","Enrolment rate of children in child care","Percent","398","KAZ","Kazakhstan","2011","13.0",
"304","Enrolment rate of children in child care, %","Enrolment rate of children in child care","Percent","398","KAZ","Kazakhstan","2012","15.0",
"304","Enrolment rate of children in child care, %","Enrolment rate of children in child care","Percent","398","KAZ","Kazakhstan","2013","16.6",
"304","Enrolment rate of children in child care, %","Enrolment rate of children in child care","Percent","398","KAZ","Kazakhstan","2014","19.8",
"304","Enrolment rate of children in child care, %","Enrolment rate of children in child care","Percent","398","KAZ","Kazakhstan","2015","20.9",
"304","Enrolment rate of children in child care, %","Enrolment rate of children in child care","Percent","398","KAZ","Kazakhstan","2016","26.6",
"304","Enrolment rate of children in child care, %","Enrolment rate of children in child care","Percent","398","KAZ","Kazakhstan","2017","28.3",
"304","Enrolment rate of children in child care, %","Enrolment rate of children in child care","Percent","417","KGZ","Kyrgyzstan","2005","3.0",
"304","Enrolment rate of children in child care, %","Enrolment rate of children in child care","Percent","417","KGZ","Kyrgyzstan","2006","3.0",
"304","Enrolment rate of children in child care, %","Enrolment rate of children in child care","Percent","417","KGZ","Kyrgyzstan","2007","3.0",
"304","Enrolment rate of children in child care, %","Enrolment rate of children in child care","Percent","417","KGZ","Kyrgyzstan","2008","3.0",
"304","Enrolment rate of children in child care, %","Enrolment rate of children in child care","Percent","417","KGZ","Kyrgyzstan","2009","3.0",
"304","Enrolment rate of children in child care, %","Enrolment rate of children in child care","Percent","417","KGZ","Kyrgyzstan","2010","3.0",
"304","Enrolment rate of children in child care, %","Enrolment rate of children in child care","Percent","417","KGZ","Kyrgyzstan","2011","3.0",
"304","Enrolment rate of children in child care, %","Enrolment rate of children in child care","Percent","417","KGZ","Kyrgyzstan","2012","3.0",
"304","Enrolment rate of children in child care, %","Enrolment rate of children in child care","Percent","417","KGZ","Kyrgyzstan","2013","3.0",
"304","Enrolment rate of children in child care, %","Enrolment rate of children in child care","Percent","417","KGZ","Kyrgyzstan","2014","3.0",
"304","Enrolment rate of children in child care, %","Enrolment rate of children in child care","Percent","417","KGZ","Kyrgyzstan","2015","..",
"304","Enrolment rate of children in child care, %","Enrolment rate of children in child care","Percent","417","KGZ","Kyrgyzstan","2016","..",
"304","Enrolment rate of children in child care, %","Enrolment rate of children in child care","Percent","417","KGZ","Kyrgyzstan","2017","..",
"304","Enrolment rate of children in child care, %","Enrolment rate of children in child care","Percent","428","LVA","Latvia","2005","16.0",
"304","Enrolment rate of children in child care, %","Enrolment rate of children in child care","Percent","428","LVA","Latvia","2006","16.0",
"304","Enrolment rate of children in child care, %","Enrolment rate of children in child care","Percent","428","LVA","Latvia","2007","16.0",
"304","Enrolment rate of children in child care, %","Enrolment rate of children in child care","Percent","428","LVA","Latvia","2008","16.0",
"304","Enrolment rate of children in child care, %","Enrolment rate of children in child care","Percent","428","LVA","Latvia","2009","18.0",
"304","Enrolment rate of children in child care, %","Enrolment rate of children in child care","Percent","428","LVA","Latvia","2010","21.0",
"304","Enrolment rate of children in child care, %","Enrolment rate of children in child care","Percent","428","LVA","Latvia","2011","21.0",
"304","Enrolment rate of children in child care, %","Enrolment rate of children in child care","Percent","428","LVA","Latvia","2012","24.0",
"304","Enrolment rate of children in child care, %","Enrolment rate of children in child care","Percent","428","LVA","Latvia","2013","25.0",
"304","Enrolment rate of children in child care, %","Enrolment rate of children in child care","Percent","428","LVA","Latvia","2014","26.0",
"304","Enrolment rate of children in child care, %","Enrolment rate of children in child care","Percent","428","LVA","Latvia","2015","27.0",
"304","Enrolment rate of children in child care, %","Enrolment rate of children in child care","Percent","428","LVA","Latvia","2016","29.0",
"304","Enrolment rate of children in child care, %","Enrolment rate of children in child care","Percent","428","LVA","Latvia","2017","30.0",
"304","Enrolment rate of children in child care, %","Enrolment rate of children in child care","Percent","440","LTU","Lithuania","2005","22.0",
"304","Enrolment rate of children in child care, %","Enrolment rate of children in child care","Percent","440","LTU","Lithuania","2006","27.0",
"304","Enrolment rate of children in child care, %","Enrolment rate of children in child care","Percent","440","LTU","Lithuania","2007","28.0",
"304","Enrolment rate of children in child care, %","Enrolment rate of children in child care","Percent","440","LTU","Lithuania","2008","25.0",
"304","Enrolment rate of children in child care, %","Enrolment rate of children in child care","Percent","440","LTU","Lithuania","2009","24.0",
"304","Enrolment rate of children in child care, %","Enrolment rate of children in child care","Percent","440","LTU","Lithuania","2010","23.0",
"304","Enrolment rate of children in child care, %","Enrolment rate of children in child care","Percent","440","LTU","Lithuania","2011","27.0",
"304","Enrolment rate of children in child care, %","Enrolment rate of children in child care","Percent","440","LTU","Lithuania","2012","31.0",
"304","Enrolment rate of children in child care, %","Enrolment rate of children in child care","Percent","440","LTU","Lithuania","2013","32.0",
"304","Enrolment rate of children in child care, %","Enrolment rate of children in child care","Percent","440","LTU","Lithuania","2014","33.0",
"304","Enrolment rate of children in child care, %","Enrolment rate of children in child care","Percent","440","LTU","Lithuania","2015","35.0",
"304","Enrolment rate of children in child care, %","Enrolment rate of children in child care","Percent","440","LTU","Lithuania","2016","37.0",
"304","Enrolment rate of children in child care, %","Enrolment rate of children in child care","Percent","440","LTU","Lithuania","2017","42.0",
"304","Enrolment rate of children in child care, %","Enrolment rate of children in child care","Percent","499","MNE","Montenegro","2005","8.0",
"304","Enrolment rate of children in child care, %","Enrolment rate of children in child care","Percent","499","MNE","Montenegro","2006","8.0",
"304","Enrolment rate of children in child care, %","Enrolment rate of children in child care","Percent","499","MNE","Montenegro","2007","10.0",
"304","Enrolment rate of children in child care, %","Enrolment rate of children in child care","Percent","499","MNE","Montenegro","2008","11.0",
"304","Enrolment rate of children in child care, %","Enrolment rate of children in child care","Percent","499","MNE","Montenegro","2009","12.0",
"304","Enrolment rate of children in child care, %","Enrolment rate of children in child care","Percent","499","MNE","Montenegro","2010","14.0",
"304","Enrolment rate of children in child care, %","Enrolment rate of children in child care","Percent","499","MNE","Montenegro","2011","14.0",
"304","Enrolment rate of children in child care, %","Enrolment rate of children in child care","Percent","499","MNE","Montenegro","2012","15.0",
"304","Enrolment rate of children in child care, %","Enrolment rate of children in child care","Percent","499","MNE","Montenegro","2013","16.8",
"304","Enrolment rate of children in child care, %","Enrolment rate of children in child care","Percent","499","MNE","Montenegro","2014","17.7",
"304","Enrolment rate of children in child care, %","Enrolment rate of children in child care","Percent","499","MNE","Montenegro","2015","17.9",
"304","Enrolment rate of children in child care, %","Enrolment rate of children in child care","Percent","499","MNE","Montenegro","2016","21.1",
"304","Enrolment rate of children in child care, %","Enrolment rate of children in child care","Percent","499","MNE","Montenegro","2017","23.5",
"304","Enrolment rate of children in child care, %","Enrolment rate of children in child care","Percent","528","NLD","Netherlands","2005","25.2",
"304","Enrolment rate of children in child care, %","Enrolment rate of children in child care","Percent","528","NLD","Netherlands","2006","25.9",
"304","Enrolment rate of children in child care, %","Enrolment rate of children in child care","Percent","528","NLD","Netherlands","2007","31.3",
"304","Enrolment rate of children in child care, %","Enrolment rate of children in child care","Percent","528","NLD","Netherlands","2008","34.0",
"304","Enrolment rate of children in child care, %","Enrolment rate of children in child care","Percent","528","NLD","Netherlands","2009","36.3",
"304","Enrolment rate of children in child care, %","Enrolment rate of children in child care","Percent","528","NLD","Netherlands","2010","41.0",
"304","Enrolment rate of children in child care, %","Enrolment rate of children in child care","Percent","528","NLD","Netherlands","2011","44.0",
"304","Enrolment rate of children in child care, %","Enrolment rate of children in child care","Percent","528","NLD","Netherlands","2012","42.0",
"304","Enrolment rate of children in child care, %","Enrolment rate of children in child care","Percent","528","NLD","Netherlands","2013","40.0",
"304","Enrolment rate of children in child care, %","Enrolment rate of children in child care","Percent","528","NLD","Netherlands","2014","..",
"304","Enrolment rate of children in child care, %","Enrolment rate of children in child care","Percent","528","NLD","Netherlands","2015","..",
"304","Enrolment rate of children in child care, %","Enrolment rate of children in child care","Percent","528","NLD","Netherlands","2016","..",
"304","Enrolment rate of children in child care, %","Enrolment rate of children in child care","Percent","528","NLD","Netherlands","2017","..",
"304","Enrolment rate of children in child care, %","Enrolment rate of children in child care","Percent","807","MKD","North Macedonia","2005","5.0",
"304","Enrolment rate of children in child care, %","Enrolment rate of children in child care","Percent","807","MKD","North Macedonia","2006","5.0",
"304","Enrolment rate of children in child care, %","Enrolment rate of children in child care","Percent","807","MKD","North Macedonia","2007","7.0",
"304","Enrolment rate of children in child care, %","Enrolment rate of children in child care","Percent","807","MKD","North Macedonia","2008","10.0",
"304","Enrolment rate of children in child care, %","Enrolment rate of children in child care","Percent","807","MKD","North Macedonia","2009","11.0",
"304","Enrolment rate of children in child care, %","Enrolment rate of children in child care","Percent","807","MKD","North Macedonia","2010","11.0",
"304","Enrolment rate of children in child care, %","Enrolment rate of children in child care","Percent","807","MKD","North Macedonia","2011","12.0",
"304","Enrolment rate of children in child care, %","Enrolment rate of children in child care","Percent","807","MKD","North Macedonia","2012","12.0",
"304","Enrolment rate of children in child care, %","Enrolment rate of children in child care","Percent","807","MKD","North Macedonia","2013","13.0",
"304","Enrolment rate of children in child care, %","Enrolment rate of children in child care","Percent","807","MKD","North Macedonia","2014","13.0",
"304","Enrolment rate of children in child care, %","Enrolment rate of children in child care","Percent","807","MKD","North Macedonia","2015","13.0",
"304","Enrolment rate of children in child care, %","Enrolment rate of children in child care","Percent","807","MKD","North Macedonia","2016","..",
"304","Enrolment rate of children in child care, %","Enrolment rate of children in child care","Percent","807","MKD","North Macedonia","2017","..",
"304","Enrolment rate of children in child care, %","Enrolment rate of children in child care","Percent","578","NOR","Norway","2005","37.0",
"304","Enrolment rate of children in child care, %","Enrolment rate of children in child care","Percent","578","NOR","Norway","2006","42.0",
"304","Enrolment rate of children in child care, %","Enrolment rate of children in child care","Percent","578","NOR","Norway","2007","48.0",
"304","Enrolment rate of children in child care, %","Enrolment rate of children in child care","Percent","578","NOR","Norway","2008","51.0",
"304","Enrolment rate of children in child care, %","Enrolment rate of children in child care","Percent","578","NOR","Norway","2009","53.0",
"304","Enrolment rate of children in child care, %","Enrolment rate of children in child care","Percent","578","NOR","Norway","2010","54.0",
"304","Enrolment rate of children in child care, %","Enrolment rate of children in child care","Percent","578","NOR","Norway","2011","54.0",
"304","Enrolment rate of children in child care, %","Enrolment rate of children in child care","Percent","578","NOR","Norway","2012","54.0",
"304","Enrolment rate of children in child care, %","Enrolment rate of children in child care","Percent","578","NOR","Norway","2013","54.0",
"304","Enrolment rate of children in child care, %","Enrolment rate of children in child care","Percent","578","NOR","Norway","2014","55.0",
"304","Enrolment rate of children in child care, %","Enrolment rate of children in child care","Percent","578","NOR","Norway","2015","55.0",
"304","Enrolment rate of children in child care, %","Enrolment rate of children in child care","Percent","578","NOR","Norway","2016","56.0",
"304","Enrolment rate of children in child care, %","Enrolment rate of children in child care","Percent","578","NOR","Norway","2017","57.0",
"304","Enrolment rate of children in child care, %","Enrolment rate of children in child care","Percent","616","POL","Poland","2005","2.0",
"304","Enrolment rate of children in child care, %","Enrolment rate of children in child care","Percent","616","POL","Poland","2006","2.0",
"304","Enrolment rate of children in child care, %","Enrolment rate of children in child care","Percent","616","POL","Poland","2007","2.0",
"304","Enrolment rate of children in child care, %","Enrolment rate of children in child care","Percent","616","POL","Poland","2008","3.0",
"304","Enrolment rate of children in child care, %","Enrolment rate of children in child care","Percent","616","POL","Poland","2009","3.0",
"304","Enrolment rate of children in child care, %","Enrolment rate of children in child care","Percent","616","POL","Poland","2010","3.0",
"304","Enrolment rate of children in child care, %","Enrolment rate of children in child care","Percent","616","POL","Poland","2011","3.0",
"304","Enrolment rate of children in child care, %","Enrolment rate of children in child care","Percent","616","POL","Poland","2012","4.0",
"304","Enrolment rate of children in child care, %","Enrolment rate of children in child care","Percent","616","POL","Poland","2013","4.0",
"304","Enrolment rate of children in child care, %","Enrolment rate of children in child care","Percent","616","POL","Poland","2014","5.0",
"304","Enrolment rate of children in child care, %","Enrolment rate of children in child care","Percent","616","POL","Poland","2015","6.0",
"304","Enrolment rate of children in child care, %","Enrolment rate of children in child care","Percent","616","POL","Poland","2016","..",
"304","Enrolment rate of children in child care, %","Enrolment rate of children in child care","Percent","616","POL","Poland","2017","..",
"304","Enrolment rate of children in child care, %","Enrolment rate of children in child care","Percent","620","PRT","Portugal","2005","23.7",
"304","Enrolment rate of children in child care, %","Enrolment rate of children in child care","Percent","620","PRT","Portugal","2006","25.0",
"304","Enrolment rate of children in child care, %","Enrolment rate of children in child care","Percent","620","PRT","Portugal","2007","26.6",
"304","Enrolment rate of children in child care, %","Enrolment rate of children in child care","Percent","620","PRT","Portugal","2008","28.1",
"304","Enrolment rate of children in child care, %","Enrolment rate of children in child care","Percent","620","PRT","Portugal","2009","29.6",
"304","Enrolment rate of children in child care, %","Enrolment rate of children in child care","Percent","620","PRT","Portugal","2010","31.3",
"304","Enrolment rate of children in child care, %","Enrolment rate of children in child care","Percent","620","PRT","Portugal","2011","34.8",
"304","Enrolment rate of children in child care, %","Enrolment rate of children in child care","Percent","620","PRT","Portugal","2012","35.0",
"304","Enrolment rate of children in child care, %","Enrolment rate of children in child care","Percent","620","PRT","Portugal","2013","37.6",
"304","Enrolment rate of children in child care, %","Enrolment rate of children in child care","Percent","620","PRT","Portugal","2014","39.7",
"304","Enrolment rate of children in child care, %","Enrolment rate of children in child care","Percent","620","PRT","Portugal","2015","..",
"304","Enrolment rate of children in child care, %","Enrolment rate of children in child care","Percent","620","PRT","Portugal","2016","..",
"304","Enrolment rate of children in child care, %","Enrolment rate of children in child care","Percent","620","PRT","Portugal","2017","..",
"304","Enrolment rate of children in child care, %","Enrolment rate of children in child care","Percent","498","MDA","Republic of Moldova","2005","12.0",
"304","Enrolment rate of children in child care, %","Enrolment rate of children in child care","Percent","498","MDA","Republic of Moldova","2006","13.0",
"304","Enrolment rate of children in child care, %","Enrolment rate of children in child care","Percent","498","MDA","Republic of Moldova","2007","14.0",
"304","Enrolment rate of children in child care, %","Enrolment rate of children in child care","Percent","498","MDA","Republic of Moldova","2008","14.0",
"304","Enrolment rate of children in child care, %","Enrolment rate of children in child care","Percent","498","MDA","Republic of Moldova","2009","14.0",
"304","Enrolment rate of children in child care, %","Enrolment rate of children in child care","Percent","498","MDA","Republic of Moldova","2010","14.0",
"304","Enrolment rate of children in child care, %","Enrolment rate of children in child care","Percent","498","MDA","Republic of Moldova","2011","15.0",
"304","Enrolment rate of children in child care, %","Enrolment rate of children in child care","Percent","498","MDA","Republic of Moldova","2012","15.0",
"304","Enrolment rate of children in child care, %","Enrolment rate of children in child care","Percent","498","MDA","Republic of Moldova","2013","14.0",
"304","Enrolment rate of children in child care, %","Enrolment rate of children in child care","Percent","498","MDA","Republic of Moldova","2014","15.0",
"304","Enrolment rate of children in child care, %","Enrolment rate of children in child care","Percent","498","MDA","Republic of Moldova","2015","15.0",
"304","Enrolment rate of children in child care, %","Enrolment rate of children in child care","Percent","498","MDA","Republic of Moldova","2016","15.0",
"304","Enrolment rate of children in child care, %","Enrolment rate of children in child care","Percent","498","MDA","Republic of Moldova","2017","15.0",
"304","Enrolment rate of children in child care, %","Enrolment rate of children in child care","Percent","642","ROU","Romania","2005","2.0",
"304","Enrolment rate of children in child care, %","Enrolment rate of children in child care","Percent","642","ROU","Romania","2006","2.0",
"304","Enrolment rate of children in child care, %","Enrolment rate of children in child care","Percent","642","ROU","Romania","2007","3.0",
"304","Enrolment rate of children in child care, %","Enrolment rate of children in child care","Percent","642","ROU","Romania","2008","3.0",
"304","Enrolment rate of children in child care, %","Enrolment rate of children in child care","Percent","642","ROU","Romania","2009","3.0",
"304","Enrolment rate of children in child care, %","Enrolment rate of children in child care","Percent","642","ROU","Romania","2010","3.0",
"304","Enrolment rate of children in child care, %","Enrolment rate of children in child care","Percent","642","ROU","Romania","2011","2.2",
"304","Enrolment rate of children in child care, %","Enrolment rate of children in child care","Percent","642","ROU","Romania","2012","2.4",
"304","Enrolment rate of children in child care, %","Enrolment rate of children in child care","Percent","642","ROU","Romania","2013","..",
"304","Enrolment rate of children in child care, %","Enrolment rate of children in child care","Percent","642","ROU","Romania","2014","2.8",
"304","Enrolment rate of children in child care, %","Enrolment rate of children in child care","Percent","642","ROU","Romania","2015","2.8",
"304","Enrolment rate of children in child care, %","Enrolment rate of children in child care","Percent","642","ROU","Romania","2016","2.9",
"304","Enrolment rate of children in child care, %","Enrolment rate of children in child care","Percent","642","ROU","Romania","2017","3.1",
"304","Enrolment rate of children in child care, %","Enrolment rate of children in child care","Percent","643","RUS","Russian Federation","2005","21.3",
"304","Enrolment rate of children in child care, %","Enrolment rate of children in child care","Percent","643","RUS","Russian Federation","2006","21.5",
"304","Enrolment rate of children in child care, %","Enrolment rate of children in child care","Percent","643","RUS","Russian Federation","2007","17.8",
"304","Enrolment rate of children in child care, %","Enrolment rate of children in child care","Percent","643","RUS","Russian Federation","2008","17.6",
"304","Enrolment rate of children in child care, %","Enrolment rate of children in child care","Percent","643","RUS","Russian Federation","2009","17.3",
"304","Enrolment rate of children in child care, %","Enrolment rate of children in child care","Percent","643","RUS","Russian Federation","2010","18.0",
"304","Enrolment rate of children in child care, %","Enrolment rate of children in child care","Percent","643","RUS","Russian Federation","2011","18.0",
"304","Enrolment rate of children in child care, %","Enrolment rate of children in child care","Percent","643","RUS","Russian Federation","2012","18.0",
"304","Enrolment rate of children in child care, %","Enrolment rate of children in child care","Percent","643","RUS","Russian Federation","2013","..",
"304","Enrolment rate of children in child care, %","Enrolment rate of children in child care","Percent","643","RUS","Russian Federation","2014","..",
"304","Enrolment rate of children in child care, %","Enrolment rate of children in child care","Percent","643","RUS","Russian Federation","2015","..",
"304","Enrolment rate of children in child care, %","Enrolment rate of children in child care","Percent","643","RUS","Russian Federation","2016","..",
"304","Enrolment rate of children in child care, %","Enrolment rate of children in child care","Percent","643","RUS","Russian Federation","2017","..",
"304","Enrolment rate of children in child care, %","Enrolment rate of children in child care","Percent","688","SRB","Serbia","2005","9.4",
"304","Enrolment rate of children in child care, %","Enrolment rate of children in child care","Percent","688","SRB","Serbia","2006","10.2",
"304","Enrolment rate of children in child care, %","Enrolment rate of children in child care","Percent","688","SRB","Serbia","2007","11.3",
"304","Enrolment rate of children in child care, %","Enrolment rate of children in child care","Percent","688","SRB","Serbia","2008","12.6",
"304","Enrolment rate of children in child care, %","Enrolment rate of children in child care","Percent","688","SRB","Serbia","2009","12.8",
"304","Enrolment rate of children in child care, %","Enrolment rate of children in child care","Percent","688","SRB","Serbia","2010","12.9",
"304","Enrolment rate of children in child care, %","Enrolment rate of children in child care","Percent","688","SRB","Serbia","2011","14.3",
"304","Enrolment rate of children in child care, %","Enrolment rate of children in child care","Percent","688","SRB","Serbia","2012","15.8",
"304","Enrolment rate of children in child care, %","Enrolment rate of children in child care","Percent","688","SRB","Serbia","2013","16.0",
"304","Enrolment rate of children in child care, %","Enrolment rate of children in child care","Percent","688","SRB","Serbia","2014","19.0",
"304","Enrolment rate of children in child care, %","Enrolment rate of children in child care","Percent","688","SRB","Serbia","2015","22.0",
"304","Enrolment rate of children in child care, %","Enrolment rate of children in child care","Percent","688","SRB","Serbia","2016","23.0",
"304","Enrolment rate of children in child care, %","Enrolment rate of children in child care","Percent","688","SRB","Serbia","2017","..",
"304","Enrolment rate of children in child care, %","Enrolment rate of children in child care","Percent","703","SVK","Slovakia","2005","..",
"304","Enrolment rate of children in child care, %","Enrolment rate of children in child care","Percent","703","SVK","Slovakia","2006","..",
"304","Enrolment rate of children in child care, %","Enrolment rate of children in child care","Percent","703","SVK","Slovakia","2007","3.0",
"304","Enrolment rate of children in child care, %","Enrolment rate of children in child care","Percent","703","SVK","Slovakia","2008","3.0",
"304","Enrolment rate of children in child care, %","Enrolment rate of children in child care","Percent","703","SVK","Slovakia","2009","3.0",
"304","Enrolment rate of children in child care, %","Enrolment rate of children in child care","Percent","703","SVK","Slovakia","2010","2.0",
"304","Enrolment rate of children in child care, %","Enrolment rate of children in child care","Percent","703","SVK","Slovakia","2011","3.0",
"304","Enrolment rate of children in child care, %","Enrolment rate of children in child care","Percent","703","SVK","Slovakia","2012","4.0",
"304","Enrolment rate of children in child care, %","Enrolment rate of children in child care","Percent","703","SVK","Slovakia","2013","4.1",
"304","Enrolment rate of children in child care, %","Enrolment rate of children in child care","Percent","703","SVK","Slovakia","2014","4.5",
"304","Enrolment rate of children in child care, %","Enrolment rate of children in child care","Percent","703","SVK","Slovakia","2015","5.3",
"304","Enrolment rate of children in child care, %","Enrolment rate of children in child care","Percent","703","SVK","Slovakia","2016","4.9",
"304","Enrolment rate of children in child care, %","Enrolment rate of children in child care","Percent","703","SVK","Slovakia","2017","5.0",
"304","Enrolment rate of children in child care, %","Enrolment rate of children in child care","Percent","705","SVN","Slovenia","2005","38.0",
"304","Enrolment rate of children in child care, %","Enrolment rate of children in child care","Percent","705","SVN","Slovenia","2006","41.0",
"304","Enrolment rate of children in child care, %","Enrolment rate of children in child care","Percent","705","SVN","Slovenia","2007","44.0",
"304","Enrolment rate of children in child care, %","Enrolment rate of children in child care","Percent","705","SVN","Slovenia","2008","49.0",
"304","Enrolment rate of children in child care, %","Enrolment rate of children in child care","Percent","705","SVN","Slovenia","2009","51.0",
"304","Enrolment rate of children in child care, %","Enrolment rate of children in child care","Percent","705","SVN","Slovenia","2010","54.0",
"304","Enrolment rate of children in child care, %","Enrolment rate of children in child care","Percent","705","SVN","Slovenia","2011","56.0",
"304","Enrolment rate of children in child care, %","Enrolment rate of children in child care","Percent","705","SVN","Slovenia","2012","55.0",
"304","Enrolment rate of children in child care, %","Enrolment rate of children in child care","Percent","705","SVN","Slovenia","2013","54.0",
"304","Enrolment rate of children in child care, %","Enrolment rate of children in child care","Percent","705","SVN","Slovenia","2014","56.0",
"304","Enrolment rate of children in child care, %","Enrolment rate of children in child care","Percent","705","SVN","Slovenia","2015","58.0",
"304","Enrolment rate of children in child care, %","Enrolment rate of children in child care","Percent","705","SVN","Slovenia","2016","61.0",
"304","Enrolment rate of children in child care, %","Enrolment rate of children in child care","Percent","705","SVN","Slovenia","2017","64.0",
"304","Enrolment rate of children in child care, %","Enrolment rate of children in child care","Percent","724","ESP","Spain","2005","46.8",
"304","Enrolment rate of children in child care, %","Enrolment rate of children in child care","Percent","724","ESP","Spain","2006","49.2",
"304","Enrolment rate of children in child care, %","Enrolment rate of children in child care","Percent","724","ESP","Spain","2007","49.6",
"304","Enrolment rate of children in child care, %","Enrolment rate of children in child care","Percent","724","ESP","Spain","2008","43.6",
"304","Enrolment rate of children in child care, %","Enrolment rate of children in child care","Percent","724","ESP","Spain","2009","46.7",
"304","Enrolment rate of children in child care, %","Enrolment rate of children in child care","Percent","724","ESP","Spain","2010","45.9",
"304","Enrolment rate of children in child care, %","Enrolment rate of children in child care","Percent","724","ESP","Spain","2011","43.6",
"304","Enrolment rate of children in child care, %","Enrolment rate of children in child care","Percent","724","ESP","Spain","2012","42.0",
"304","Enrolment rate of children in child care, %","Enrolment rate of children in child care","Percent","724","ESP","Spain","2013","44.3",
"304","Enrolment rate of children in child care, %","Enrolment rate of children in child care","Percent","724","ESP","Spain","2014","47.7",
"304","Enrolment rate of children in child care, %","Enrolment rate of children in child care","Percent","724","ESP","Spain","2015","45.8",
"304","Enrolment rate of children in child care, %","Enrolment rate of children in child care","Percent","724","ESP","Spain","2016","..",
"304","Enrolment rate of children in child care, %","Enrolment rate of children in child care","Percent","724","ESP","Spain","2017","..",
"304","Enrolment rate of children in child care, %","Enrolment rate of children in child care","Percent","752","SWE","Sweden","2005","48.0",
"304","Enrolment rate of children in child care, %","Enrolment rate of children in child care","Percent","752","SWE","Sweden","2006","48.0",
"304","Enrolment rate of children in child care, %","Enrolment rate of children in child care","Percent","752","SWE","Sweden","2007","49.0",
"304","Enrolment rate of children in child care, %","Enrolment rate of children in child care","Percent","752","SWE","Sweden","2008","50.0",
"304","Enrolment rate of children in child care, %","Enrolment rate of children in child care","Percent","752","SWE","Sweden","2009","50.0",
"304","Enrolment rate of children in child care, %","Enrolment rate of children in child care","Percent","752","SWE","Sweden","2010","49.0",
"304","Enrolment rate of children in child care, %","Enrolment rate of children in child care","Percent","752","SWE","Sweden","2011","51.0",
"304","Enrolment rate of children in child care, %","Enrolment rate of children in child care","Percent","752","SWE","Sweden","2012","51.0",
"304","Enrolment rate of children in child care, %","Enrolment rate of children in child care","Percent","752","SWE","Sweden","2013","51.0",
"304","Enrolment rate of children in child care, %","Enrolment rate of children in child care","Percent","752","SWE","Sweden","2014","50.0",
"304","Enrolment rate of children in child care, %","Enrolment rate of children in child care","Percent","752","SWE","Sweden","2015","50.0",
"304","Enrolment rate of children in child care, %","Enrolment rate of children in child care","Percent","752","SWE","Sweden","2016","50.0",
"304","Enrolment rate of children in child care, %","Enrolment rate of children in child care","Percent","752","SWE","Sweden","2017","51.0",
"304","Enrolment rate of children in child care, %","Enrolment rate of children in child care","Percent","756","CHE","Switzerland","2005","..",
"304","Enrolment rate of children in child care, %","Enrolment rate of children in child care","Percent","756","CHE","Switzerland","2006","..",
"304","Enrolment rate of children in child care, %","Enrolment rate of children in child care","Percent","756","CHE","Switzerland","2007","..",
"304","Enrolment rate of children in child care, %","Enrolment rate of children in child care","Percent","756","CHE","Switzerland","2008","..",
"304","Enrolment rate of children in child care, %","Enrolment rate of children in child care","Percent","756","CHE","Switzerland","2009","..",
"304","Enrolment rate of children in child care, %","Enrolment rate of children in child care","Percent","756","CHE","Switzerland","2010","..",
"304","Enrolment rate of children in child care, %","Enrolment rate of children in child care","Percent","756","CHE","Switzerland","2011","36.7",
"304","Enrolment rate of children in child care, %","Enrolment rate of children in child care","Percent","756","CHE","Switzerland","2012","38.8",
"304","Enrolment rate of children in child care, %","Enrolment rate of children in child care","Percent","756","CHE","Switzerland","2013","40.8",
"304","Enrolment rate of children in child care, %","Enrolment rate of children in child care","Percent","756","CHE","Switzerland","2014","..",
"304","Enrolment rate of children in child care, %","Enrolment rate of children in child care","Percent","756","CHE","Switzerland","2015","..",
"304","Enrolment rate of children in child care, %","Enrolment rate of children in child care","Percent","756","CHE","Switzerland","2016","..",
"304","Enrolment rate of children in child care, %","Enrolment rate of children in child care","Percent","756","CHE","Switzerland","2017","..",
"304","Enrolment rate of children in child care, %","Enrolment rate of children in child care","Percent","762","TJK","Tajikistan","2005","2.0",
"304","Enrolment rate of children in child care, %","Enrolment rate of children in child care","Percent","762","TJK","Tajikistan","2006","2.0",
"304","Enrolment rate of children in child care, %","Enrolment rate of children in child care","Percent","762","TJK","Tajikistan","2007","2.0",
"304","Enrolment rate of children in child care, %","Enrolment rate of children in child care","Percent","762","TJK","Tajikistan","2008","2.0",
"304","Enrolment rate of children in child care, %","Enrolment rate of children in child care","Percent","762","TJK","Tajikistan","2009","2.0",
"304","Enrolment rate of children in child care, %","Enrolment rate of children in child care","Percent","762","TJK","Tajikistan","2010","2.0",
"304","Enrolment rate of children in child care, %","Enrolment rate of children in child care","Percent","762","TJK","Tajikistan","2011","2.0",
"304","Enrolment rate of children in child care, %","Enrolment rate of children in child care","Percent","762","TJK","Tajikistan","2012","2.0",
"304","Enrolment rate of children in child care, %","Enrolment rate of children in child care","Percent","762","TJK","Tajikistan","2013","2.0",
"304","Enrolment rate of children in child care, %","Enrolment rate of children in child care","Percent","762","TJK","Tajikistan","2014","2.0",
"304","Enrolment rate of children in child care, %","Enrolment rate of children in child care","Percent","762","TJK","Tajikistan","2015","2.0",
"304","Enrolment rate of children in child care, %","Enrolment rate of children in child care","Percent","762","TJK","Tajikistan","2016","2.0",
"304","Enrolment rate of children in child care, %","Enrolment rate of children in child care","Percent","762","TJK","Tajikistan","2017","2.0",
"304","Enrolment rate of children in child care, %","Enrolment rate of children in child care","Percent","795","TKM","Turkmenistan","2005","10.0",
"304","Enrolment rate of children in child care, %","Enrolment rate of children in child care","Percent","795","TKM","Turkmenistan","2006","10.2",
"304","Enrolment rate of children in child care, %","Enrolment rate of children in child care","Percent","795","TKM","Turkmenistan","2007","..",
"304","Enrolment rate of children in child care, %","Enrolment rate of children in child care","Percent","795","TKM","Turkmenistan","2008","..",
"304","Enrolment rate of children in child care, %","Enrolment rate of children in child care","Percent","795","TKM","Turkmenistan","2009","..",
"304","Enrolment rate of children in child care, %","Enrolment rate of children in child care","Percent","795","TKM","Turkmenistan","2010","..",
"304","Enrolment rate of children in child care, %","Enrolment rate of children in child care","Percent","795","TKM","Turkmenistan","2011","..",
"304","Enrolment rate of children in child care, %","Enrolment rate of children in child care","Percent","795","TKM","Turkmenistan","2012","..",
"304","Enrolment rate of children in child care, %","Enrolment rate of children in child care","Percent","795","TKM","Turkmenistan","2013","..",
"304","Enrolment rate of children in child care, %","Enrolment rate of children in child care","Percent","795","TKM","Turkmenistan","2014","..",
"304","Enrolment rate of children in child care, %","Enrolment rate of children in child care","Percent","795","TKM","Turkmenistan","2015","..",
"304","Enrolment rate of children in child care, %","Enrolment rate of children in child care","Percent","795","TKM","Turkmenistan","2016","..",
"304","Enrolment rate of children in child care, %","Enrolment rate of children in child care","Percent","795","TKM","Turkmenistan","2017","..",
"304","Enrolment rate of children in child care, %","Enrolment rate of children in child care","Percent","804","UKR","Ukraine","2005","15.0",
"304","Enrolment rate of children in child care, %","Enrolment rate of children in child care","Percent","804","UKR","Ukraine","2006","15.0",
"304","Enrolment rate of children in child care, %","Enrolment rate of children in child care","Percent","804","UKR","Ukraine","2007","15.0",
"304","Enrolment rate of children in child care, %","Enrolment rate of children in child care","Percent","804","UKR","Ukraine","2008","16.0",
"304","Enrolment rate of children in child care, %","Enrolment rate of children in child care","Percent","804","UKR","Ukraine","2009","15.0",
"304","Enrolment rate of children in child care, %","Enrolment rate of children in child care","Percent","804","UKR","Ukraine","2010","15.0",
"304","Enrolment rate of children in child care, %","Enrolment rate of children in child care","Percent","804","UKR","Ukraine","2011","15.0",
"304","Enrolment rate of children in child care, %","Enrolment rate of children in child care","Percent","804","UKR","Ukraine","2012","15.0",
"304","Enrolment rate of children in child care, %","Enrolment rate of children in child care","Percent","804","UKR","Ukraine","2013","15.0",
"304","Enrolment rate of children in child care, %","Enrolment rate of children in child care","Percent","804","UKR","Ukraine","2014","14.0",
"304","Enrolment rate of children in child care, %","Enrolment rate of children in child care","Percent","804","UKR","Ukraine","2015","14.0",
"304","Enrolment rate of children in child care, %","Enrolment rate of children in child care","Percent","804","UKR","Ukraine","2016","15.0",
"304","Enrolment rate of children in child care, %","Enrolment rate of children in child care","Percent","804","UKR","Ukraine","2017","15.0",
"304","Enrolment rate of children in child care, %","Enrolment rate of children in child care","Percent","826","GBR","United Kingdom","2005","..",
"304","Enrolment rate of children in child care, %","Enrolment rate of children in child care","Percent","826","GBR","United Kingdom","2006","..",
"304","Enrolment rate of children in child care, %","Enrolment rate of children in child care","Percent","826","GBR","United Kingdom","2007","..",
"304","Enrolment rate of children in child care, %","Enrolment rate of children in child care","Percent","826","GBR","United Kingdom","2008","..",
"304","Enrolment rate of children in child care, %","Enrolment rate of children in child care","Percent","826","GBR","United Kingdom","2009","..",
"304","Enrolment rate of children in child care, %","Enrolment rate of children in child care","Percent","826","GBR","United Kingdom","2010","30.0",
"304","Enrolment rate of children in child care, %","Enrolment rate of children in child care","Percent","826","GBR","United Kingdom","2011","28.8",
"304","Enrolment rate of children in child care, %","Enrolment rate of children in child care","Percent","826","GBR","United Kingdom","2012","30.1",
"304","Enrolment rate of children in child care, %","Enrolment rate of children in child care","Percent","826","GBR","United Kingdom","2013","..",
"304","Enrolment rate of children in child care, %","Enrolment rate of children in child care","Percent","826","GBR","United Kingdom","2014","33.0",
"304","Enrolment rate of children in child care, %","Enrolment rate of children in child care","Percent","826","GBR","United Kingdom","2015","..",
"304","Enrolment rate of children in child care, %","Enrolment rate of children in child care","Percent","826","GBR","United Kingdom","2016","..",
"304","Enrolment rate of children in child care, %","Enrolment rate of children in child care","Percent","826","GBR","United Kingdom","2017","..",
"304","Enrolment rate of children in child care, %","Enrolment rate of children in child care","Percent","840","USA","United States","2005","..",
"304","Enrolment rate of children in child care, %","Enrolment rate of children in child care","Percent","840","USA","United States","2006","..",
"304","Enrolment rate of children in child care, %","Enrolment rate of children in child care","Percent","840","USA","United States","2007","..",
"304","Enrolment rate of children in child care, %","Enrolment rate of children in child care","Percent","840","USA","United States","2008","..",
"304","Enrolment rate of children in child care, %","Enrolment rate of children in child care","Percent","840","USA","United States","2009","..",
"304","Enrolment rate of children in child care, %","Enrolment rate of children in child care","Percent","840","USA","United States","2010","..",
"304","Enrolment rate of children in child care, %","Enrolment rate of children in child care","Percent","840","USA","United States","2011","..",
"304","Enrolment rate of children in child care, %","Enrolment rate of children in child care","Percent","840","USA","United States","2012","..",
"304","Enrolment rate of children in child care, %","Enrolment rate of children in child care","Percent","840","USA","United States","2013","..",
"304","Enrolment rate of children in child care, %","Enrolment rate of children in child care","Percent","840","USA","United States","2014","..",
"304","Enrolment rate of children in child care, %","Enrolment rate of children in child care","Percent","840","USA","United States","2015","..",
"304","Enrolment rate of children in child care, %","Enrolment rate of children in child care","Percent","840","USA","United States","2016","..",
"304","Enrolment rate of children in child care, %","Enrolment rate of children in child care","Percent","840","USA","United States","2017","..",
"304","Enrolment rate of children in child care, %","Enrolment rate of children in child care","Percent","860","UZB","Uzbekistan","2005","8.3",
"304","Enrolment rate of children in child care, %","Enrolment rate of children in child care","Percent","860","UZB","Uzbekistan","2006","8.3",
"304","Enrolment rate of children in child care, %","Enrolment rate of children in child care","Percent","860","UZB","Uzbekistan","2007","..",
"304","Enrolment rate of children in child care, %","Enrolment rate of children in child care","Percent","860","UZB","Uzbekistan","2008","..",
"304","Enrolment rate of children in child care, %","Enrolment rate of children in child care","Percent","860","UZB","Uzbekistan","2009","..",
"304","Enrolment rate of children in child care, %","Enrolment rate of children in child care","Percent","860","UZB","Uzbekistan","2010","..",
"304","Enrolment rate of children in child care, %","Enrolment rate of children in child care","Percent","860","UZB","Uzbekistan","2011","..",
"304","Enrolment rate of children in child care, %","Enrolment rate of children in child care","Percent","860","UZB","Uzbekistan","2012","..",
"304","Enrolment rate of children in child care, %","Enrolment rate of children in child care","Percent","860","UZB","Uzbekistan","2013","..",
"304","Enrolment rate of children in child care, %","Enrolment rate of children in child care","Percent","860","UZB","Uzbekistan","2014","..",
"304","Enrolment rate of children in child care, %","Enrolment rate of children in child care","Percent","860","UZB","Uzbekistan","2015","..",
"304","Enrolment rate of children in child care, %","Enrolment rate of children in child care","Percent","860","UZB","Uzbekistan","2016","..",
"304","Enrolment rate of children in child care, %","Enrolment rate of children in child care","Percent","860","UZB","Uzbekistan","2017","..",
