"IndicatorCode","IndicatorName","VariableName","MeasurementName","CountryCode","Alpha3Code","CountryName","TIME","Value",
"21","Gender pay gap in monthly earning, %","Gender pay gap in monthly earning","Percent","008","ALB","Albania","2005","..",
"21","Gender pay gap in monthly earning, %","Gender pay gap in monthly earning","Percent","008","ALB","Albania","2006","..",
"21","Gender pay gap in monthly earning, %","Gender pay gap in monthly earning","Percent","008","ALB","Albania","2007","..",
"21","Gender pay gap in monthly earning, %","Gender pay gap in monthly earning","Percent","008","ALB","Albania","2008","14.7",
"21","Gender pay gap in monthly earning, %","Gender pay gap in monthly earning","Percent","008","ALB","Albania","2009","11.5",
"21","Gender pay gap in monthly earning, %","Gender pay gap in monthly earning","Percent","008","ALB","Albania","2010","..",
"21","Gender pay gap in monthly earning, %","Gender pay gap in monthly earning","Percent","008","ALB","Albania","2011","..",
"21","Gender pay gap in monthly earning, %","Gender pay gap in monthly earning","Percent","008","ALB","Albania","2012","..",
"21","Gender pay gap in monthly earning, %","Gender pay gap in monthly earning","Percent","008","ALB","Albania","2013","..",
"21","Gender pay gap in monthly earning, %","Gender pay gap in monthly earning","Percent","008","ALB","Albania","2014","10.1",
"21","Gender pay gap in monthly earning, %","Gender pay gap in monthly earning","Percent","008","ALB","Albania","2015","11.5",
"21","Gender pay gap in monthly earning, %","Gender pay gap in monthly earning","Percent","008","ALB","Albania","2016","11.4",
"21","Gender pay gap in monthly earning, %","Gender pay gap in monthly earning","Percent","008","ALB","Albania","2017","10.5",
"21","Gender pay gap in monthly earning, %","Gender pay gap in monthly earning","Percent","008","ALB","Albania","2018","..",
"21","Gender pay gap in monthly earning, %","Gender pay gap in monthly earning","Percent","020","AND","Andorra","2005","..",
"21","Gender pay gap in monthly earning, %","Gender pay gap in monthly earning","Percent","020","AND","Andorra","2006","..",
"21","Gender pay gap in monthly earning, %","Gender pay gap in monthly earning","Percent","020","AND","Andorra","2007","..",
"21","Gender pay gap in monthly earning, %","Gender pay gap in monthly earning","Percent","020","AND","Andorra","2008","..",
"21","Gender pay gap in monthly earning, %","Gender pay gap in monthly earning","Percent","020","AND","Andorra","2009","..",
"21","Gender pay gap in monthly earning, %","Gender pay gap in monthly earning","Percent","020","AND","Andorra","2010","..",
"21","Gender pay gap in monthly earning, %","Gender pay gap in monthly earning","Percent","020","AND","Andorra","2011","..",
"21","Gender pay gap in monthly earning, %","Gender pay gap in monthly earning","Percent","020","AND","Andorra","2012","..",
"21","Gender pay gap in monthly earning, %","Gender pay gap in monthly earning","Percent","020","AND","Andorra","2013","..",
"21","Gender pay gap in monthly earning, %","Gender pay gap in monthly earning","Percent","020","AND","Andorra","2014","..",
"21","Gender pay gap in monthly earning, %","Gender pay gap in monthly earning","Percent","020","AND","Andorra","2015","..",
"21","Gender pay gap in monthly earning, %","Gender pay gap in monthly earning","Percent","020","AND","Andorra","2016","..",
"21","Gender pay gap in monthly earning, %","Gender pay gap in monthly earning","Percent","020","AND","Andorra","2017","19.0",
"21","Gender pay gap in monthly earning, %","Gender pay gap in monthly earning","Percent","020","AND","Andorra","2018","..",
"21","Gender pay gap in monthly earning, %","Gender pay gap in monthly earning","Percent","051","ARM","Armenia","2005","42.5",
"21","Gender pay gap in monthly earning, %","Gender pay gap in monthly earning","Percent","051","ARM","Armenia","2006","40.8",
"21","Gender pay gap in monthly earning, %","Gender pay gap in monthly earning","Percent","051","ARM","Armenia","2007","40.8",
"21","Gender pay gap in monthly earning, %","Gender pay gap in monthly earning","Percent","051","ARM","Armenia","2008","41.8",
"21","Gender pay gap in monthly earning, %","Gender pay gap in monthly earning","Percent","051","ARM","Armenia","2009","39.2",
"21","Gender pay gap in monthly earning, %","Gender pay gap in monthly earning","Percent","051","ARM","Armenia","2010","35.9",
"21","Gender pay gap in monthly earning, %","Gender pay gap in monthly earning","Percent","051","ARM","Armenia","2011","35.3",
"21","Gender pay gap in monthly earning, %","Gender pay gap in monthly earning","Percent","051","ARM","Armenia","2012","35.6",
"21","Gender pay gap in monthly earning, %","Gender pay gap in monthly earning","Percent","051","ARM","Armenia","2013","34.4",
"21","Gender pay gap in monthly earning, %","Gender pay gap in monthly earning","Percent","051","ARM","Armenia","2014","34.1",
"21","Gender pay gap in monthly earning, %","Gender pay gap in monthly earning","Percent","051","ARM","Armenia","2015","33.5",
"21","Gender pay gap in monthly earning, %","Gender pay gap in monthly earning","Percent","051","ARM","Armenia","2016","33.6",
"21","Gender pay gap in monthly earning, %","Gender pay gap in monthly earning","Percent","051","ARM","Armenia","2017","32.5",
"21","Gender pay gap in monthly earning, %","Gender pay gap in monthly earning","Percent","051","ARM","Armenia","2018","..",
"21","Gender pay gap in monthly earning, %","Gender pay gap in monthly earning","Percent","040","AUT","Austria","2005","34.1",
"21","Gender pay gap in monthly earning, %","Gender pay gap in monthly earning","Percent","040","AUT","Austria","2006","34.2",
"21","Gender pay gap in monthly earning, %","Gender pay gap in monthly earning","Percent","040","AUT","Austria","2007","36.7",
"21","Gender pay gap in monthly earning, %","Gender pay gap in monthly earning","Percent","040","AUT","Austria","2008","35.3",
"21","Gender pay gap in monthly earning, %","Gender pay gap in monthly earning","Percent","040","AUT","Austria","2009","36.7",
"21","Gender pay gap in monthly earning, %","Gender pay gap in monthly earning","Percent","040","AUT","Austria","2010","33.9",
"21","Gender pay gap in monthly earning, %","Gender pay gap in monthly earning","Percent","040","AUT","Austria","2011","33.6",
"21","Gender pay gap in monthly earning, %","Gender pay gap in monthly earning","Percent","040","AUT","Austria","2012","36.3",
"21","Gender pay gap in monthly earning, %","Gender pay gap in monthly earning","Percent","040","AUT","Austria","2013","36.1",
"21","Gender pay gap in monthly earning, %","Gender pay gap in monthly earning","Percent","040","AUT","Austria","2014","35.1",
"21","Gender pay gap in monthly earning, %","Gender pay gap in monthly earning","Percent","040","AUT","Austria","2015","35.2",
"21","Gender pay gap in monthly earning, %","Gender pay gap in monthly earning","Percent","040","AUT","Austria","2016","34.3",
"21","Gender pay gap in monthly earning, %","Gender pay gap in monthly earning","Percent","040","AUT","Austria","2017","33.9",
"21","Gender pay gap in monthly earning, %","Gender pay gap in monthly earning","Percent","040","AUT","Austria","2018","..",
"21","Gender pay gap in monthly earning, %","Gender pay gap in monthly earning","Percent","031","AZE","Azerbaijan","2005","53.8",
"21","Gender pay gap in monthly earning, %","Gender pay gap in monthly earning","Percent","031","AZE","Azerbaijan","2006","52.6",
"21","Gender pay gap in monthly earning, %","Gender pay gap in monthly earning","Percent","031","AZE","Azerbaijan","2007","49.5",
"21","Gender pay gap in monthly earning, %","Gender pay gap in monthly earning","Percent","031","AZE","Azerbaijan","2008","43.2",
"21","Gender pay gap in monthly earning, %","Gender pay gap in monthly earning","Percent","031","AZE","Azerbaijan","2009","41.4",
"21","Gender pay gap in monthly earning, %","Gender pay gap in monthly earning","Percent","031","AZE","Azerbaijan","2010","45.2",
"21","Gender pay gap in monthly earning, %","Gender pay gap in monthly earning","Percent","031","AZE","Azerbaijan","2011","48.9",
"21","Gender pay gap in monthly earning, %","Gender pay gap in monthly earning","Percent","031","AZE","Azerbaijan","2012","53.1",
"21","Gender pay gap in monthly earning, %","Gender pay gap in monthly earning","Percent","031","AZE","Azerbaijan","2013","52.5",
"21","Gender pay gap in monthly earning, %","Gender pay gap in monthly earning","Percent","031","AZE","Azerbaijan","2014","45.3",
"21","Gender pay gap in monthly earning, %","Gender pay gap in monthly earning","Percent","031","AZE","Azerbaijan","2015","46.1",
"21","Gender pay gap in monthly earning, %","Gender pay gap in monthly earning","Percent","031","AZE","Azerbaijan","2016","49.7",
"21","Gender pay gap in monthly earning, %","Gender pay gap in monthly earning","Percent","031","AZE","Azerbaijan","2017","49.4",
"21","Gender pay gap in monthly earning, %","Gender pay gap in monthly earning","Percent","031","AZE","Azerbaijan","2018","..",
"21","Gender pay gap in monthly earning, %","Gender pay gap in monthly earning","Percent","112","BLR","Belarus","2005","20.9",
"21","Gender pay gap in monthly earning, %","Gender pay gap in monthly earning","Percent","112","BLR","Belarus","2006","20.1",
"21","Gender pay gap in monthly earning, %","Gender pay gap in monthly earning","Percent","112","BLR","Belarus","2007","21.6",
"21","Gender pay gap in monthly earning, %","Gender pay gap in monthly earning","Percent","112","BLR","Belarus","2008","26.1",
"21","Gender pay gap in monthly earning, %","Gender pay gap in monthly earning","Percent","112","BLR","Belarus","2009","25.4",
"21","Gender pay gap in monthly earning, %","Gender pay gap in monthly earning","Percent","112","BLR","Belarus","2010","23.4",
"21","Gender pay gap in monthly earning, %","Gender pay gap in monthly earning","Percent","112","BLR","Belarus","2011","26.3",
"21","Gender pay gap in monthly earning, %","Gender pay gap in monthly earning","Percent","112","BLR","Belarus","2012","25.5",
"21","Gender pay gap in monthly earning, %","Gender pay gap in monthly earning","Percent","112","BLR","Belarus","2013","25.5",
"21","Gender pay gap in monthly earning, %","Gender pay gap in monthly earning","Percent","112","BLR","Belarus","2014","23.4",
"21","Gender pay gap in monthly earning, %","Gender pay gap in monthly earning","Percent","112","BLR","Belarus","2015","23.8",
"21","Gender pay gap in monthly earning, %","Gender pay gap in monthly earning","Percent","112","BLR","Belarus","2016","21.5",
"21","Gender pay gap in monthly earning, %","Gender pay gap in monthly earning","Percent","112","BLR","Belarus","2017","25.4",
"21","Gender pay gap in monthly earning, %","Gender pay gap in monthly earning","Percent","112","BLR","Belarus","2018","..",
"21","Gender pay gap in monthly earning, %","Gender pay gap in monthly earning","Percent","056","BEL","Belgium","2005","24.7",
"21","Gender pay gap in monthly earning, %","Gender pay gap in monthly earning","Percent","056","BEL","Belgium","2006","23.6",
"21","Gender pay gap in monthly earning, %","Gender pay gap in monthly earning","Percent","056","BEL","Belgium","2007","23.5",
"21","Gender pay gap in monthly earning, %","Gender pay gap in monthly earning","Percent","056","BEL","Belgium","2008","22.9",
"21","Gender pay gap in monthly earning, %","Gender pay gap in monthly earning","Percent","056","BEL","Belgium","2009","21.9",
"21","Gender pay gap in monthly earning, %","Gender pay gap in monthly earning","Percent","056","BEL","Belgium","2010","21.7",
"21","Gender pay gap in monthly earning, %","Gender pay gap in monthly earning","Percent","056","BEL","Belgium","2011","21.1",
"21","Gender pay gap in monthly earning, %","Gender pay gap in monthly earning","Percent","056","BEL","Belgium","2012","20.4",
"21","Gender pay gap in monthly earning, %","Gender pay gap in monthly earning","Percent","056","BEL","Belgium","2013","20.2",
"21","Gender pay gap in monthly earning, %","Gender pay gap in monthly earning","Percent","056","BEL","Belgium","2014","20.2",
"21","Gender pay gap in monthly earning, %","Gender pay gap in monthly earning","Percent","056","BEL","Belgium","2015","20.0",
"21","Gender pay gap in monthly earning, %","Gender pay gap in monthly earning","Percent","056","BEL","Belgium","2016","20.2",
"21","Gender pay gap in monthly earning, %","Gender pay gap in monthly earning","Percent","056","BEL","Belgium","2017","..",
"21","Gender pay gap in monthly earning, %","Gender pay gap in monthly earning","Percent","056","BEL","Belgium","2018","..",
"21","Gender pay gap in monthly earning, %","Gender pay gap in monthly earning","Percent","100","BGR","Bulgaria","2005","17.7",
"21","Gender pay gap in monthly earning, %","Gender pay gap in monthly earning","Percent","100","BGR","Bulgaria","2006","16.8",
"21","Gender pay gap in monthly earning, %","Gender pay gap in monthly earning","Percent","100","BGR","Bulgaria","2007","16.6",
"21","Gender pay gap in monthly earning, %","Gender pay gap in monthly earning","Percent","100","BGR","Bulgaria","2008","17.9",
"21","Gender pay gap in monthly earning, %","Gender pay gap in monthly earning","Percent","100","BGR","Bulgaria","2009","19.2",
"21","Gender pay gap in monthly earning, %","Gender pay gap in monthly earning","Percent","100","BGR","Bulgaria","2010","19.4",
"21","Gender pay gap in monthly earning, %","Gender pay gap in monthly earning","Percent","100","BGR","Bulgaria","2011","19.3",
"21","Gender pay gap in monthly earning, %","Gender pay gap in monthly earning","Percent","100","BGR","Bulgaria","2012","20.5",
"21","Gender pay gap in monthly earning, %","Gender pay gap in monthly earning","Percent","100","BGR","Bulgaria","2013","19.7",
"21","Gender pay gap in monthly earning, %","Gender pay gap in monthly earning","Percent","100","BGR","Bulgaria","2014","20.1",
"21","Gender pay gap in monthly earning, %","Gender pay gap in monthly earning","Percent","100","BGR","Bulgaria","2015","21.2",
"21","Gender pay gap in monthly earning, %","Gender pay gap in monthly earning","Percent","100","BGR","Bulgaria","2016","20.1",
"21","Gender pay gap in monthly earning, %","Gender pay gap in monthly earning","Percent","100","BGR","Bulgaria","2017","20.1",
"21","Gender pay gap in monthly earning, %","Gender pay gap in monthly earning","Percent","100","BGR","Bulgaria","2018","..",
"21","Gender pay gap in monthly earning, %","Gender pay gap in monthly earning","Percent","124","CAN","Canada","2005","27.3",
"21","Gender pay gap in monthly earning, %","Gender pay gap in monthly earning","Percent","124","CAN","Canada","2006","27.2",
"21","Gender pay gap in monthly earning, %","Gender pay gap in monthly earning","Percent","124","CAN","Canada","2007","26.9",
"21","Gender pay gap in monthly earning, %","Gender pay gap in monthly earning","Percent","124","CAN","Canada","2008","27.0",
"21","Gender pay gap in monthly earning, %","Gender pay gap in monthly earning","Percent","124","CAN","Canada","2009","25.8",
"21","Gender pay gap in monthly earning, %","Gender pay gap in monthly earning","Percent","124","CAN","Canada","2010","25.8",
"21","Gender pay gap in monthly earning, %","Gender pay gap in monthly earning","Percent","124","CAN","Canada","2011","24.7",
"21","Gender pay gap in monthly earning, %","Gender pay gap in monthly earning","Percent","124","CAN","Canada","2012","24.9",
"21","Gender pay gap in monthly earning, %","Gender pay gap in monthly earning","Percent","124","CAN","Canada","2013","24.7",
"21","Gender pay gap in monthly earning, %","Gender pay gap in monthly earning","Percent","124","CAN","Canada","2014","24.7",
"21","Gender pay gap in monthly earning, %","Gender pay gap in monthly earning","Percent","124","CAN","Canada","2015","24.4",
"21","Gender pay gap in monthly earning, %","Gender pay gap in monthly earning","Percent","124","CAN","Canada","2016","23.8",
"21","Gender pay gap in monthly earning, %","Gender pay gap in monthly earning","Percent","124","CAN","Canada","2017","23.3",
"21","Gender pay gap in monthly earning, %","Gender pay gap in monthly earning","Percent","124","CAN","Canada","2018","..",
"21","Gender pay gap in monthly earning, %","Gender pay gap in monthly earning","Percent","191","HRV","Croatia","2005","10.6",
"21","Gender pay gap in monthly earning, %","Gender pay gap in monthly earning","Percent","191","HRV","Croatia","2006","11.0",
"21","Gender pay gap in monthly earning, %","Gender pay gap in monthly earning","Percent","191","HRV","Croatia","2007","10.8",
"21","Gender pay gap in monthly earning, %","Gender pay gap in monthly earning","Percent","191","HRV","Croatia","2008","11.1",
"21","Gender pay gap in monthly earning, %","Gender pay gap in monthly earning","Percent","191","HRV","Croatia","2009","10.6",
"21","Gender pay gap in monthly earning, %","Gender pay gap in monthly earning","Percent","191","HRV","Croatia","2010","10.2",
"21","Gender pay gap in monthly earning, %","Gender pay gap in monthly earning","Percent","191","HRV","Croatia","2011","10.0",
"21","Gender pay gap in monthly earning, %","Gender pay gap in monthly earning","Percent","191","HRV","Croatia","2012","9.8",
"21","Gender pay gap in monthly earning, %","Gender pay gap in monthly earning","Percent","191","HRV","Croatia","2013","10.2",
"21","Gender pay gap in monthly earning, %","Gender pay gap in monthly earning","Percent","191","HRV","Croatia","2014","11.3",
"21","Gender pay gap in monthly earning, %","Gender pay gap in monthly earning","Percent","191","HRV","Croatia","2015","11.3",
"21","Gender pay gap in monthly earning, %","Gender pay gap in monthly earning","Percent","191","HRV","Croatia","2016","13.2",
"21","Gender pay gap in monthly earning, %","Gender pay gap in monthly earning","Percent","191","HRV","Croatia","2017","..",
"21","Gender pay gap in monthly earning, %","Gender pay gap in monthly earning","Percent","191","HRV","Croatia","2018","..",
"21","Gender pay gap in monthly earning, %","Gender pay gap in monthly earning","Percent","196","CYP","Cyprus","2005","..",
"21","Gender pay gap in monthly earning, %","Gender pay gap in monthly earning","Percent","196","CYP","Cyprus","2006","25.1",
"21","Gender pay gap in monthly earning, %","Gender pay gap in monthly earning","Percent","196","CYP","Cyprus","2007","..",
"21","Gender pay gap in monthly earning, %","Gender pay gap in monthly earning","Percent","196","CYP","Cyprus","2008","..",
"21","Gender pay gap in monthly earning, %","Gender pay gap in monthly earning","Percent","196","CYP","Cyprus","2009","..",
"21","Gender pay gap in monthly earning, %","Gender pay gap in monthly earning","Percent","196","CYP","Cyprus","2010","19.5",
"21","Gender pay gap in monthly earning, %","Gender pay gap in monthly earning","Percent","196","CYP","Cyprus","2011","..",
"21","Gender pay gap in monthly earning, %","Gender pay gap in monthly earning","Percent","196","CYP","Cyprus","2012","..",
"21","Gender pay gap in monthly earning, %","Gender pay gap in monthly earning","Percent","196","CYP","Cyprus","2013","..",
"21","Gender pay gap in monthly earning, %","Gender pay gap in monthly earning","Percent","196","CYP","Cyprus","2014","15.1",
"21","Gender pay gap in monthly earning, %","Gender pay gap in monthly earning","Percent","196","CYP","Cyprus","2015","..",
"21","Gender pay gap in monthly earning, %","Gender pay gap in monthly earning","Percent","196","CYP","Cyprus","2016","..",
"21","Gender pay gap in monthly earning, %","Gender pay gap in monthly earning","Percent","196","CYP","Cyprus","2017","..",
"21","Gender pay gap in monthly earning, %","Gender pay gap in monthly earning","Percent","196","CYP","Cyprus","2018","..",
"21","Gender pay gap in monthly earning, %","Gender pay gap in monthly earning","Percent","203","CZE","Czechia","2005","24.9",
"21","Gender pay gap in monthly earning, %","Gender pay gap in monthly earning","Percent","203","CZE","Czechia","2006","24.6",
"21","Gender pay gap in monthly earning, %","Gender pay gap in monthly earning","Percent","203","CZE","Czechia","2007","24.8",
"21","Gender pay gap in monthly earning, %","Gender pay gap in monthly earning","Percent","203","CZE","Czechia","2008","25.9",
"21","Gender pay gap in monthly earning, %","Gender pay gap in monthly earning","Percent","203","CZE","Czechia","2009","25.2",
"21","Gender pay gap in monthly earning, %","Gender pay gap in monthly earning","Percent","203","CZE","Czechia","2010","24.9",
"21","Gender pay gap in monthly earning, %","Gender pay gap in monthly earning","Percent","203","CZE","Czechia","2011","22.2",
"21","Gender pay gap in monthly earning, %","Gender pay gap in monthly earning","Percent","203","CZE","Czechia","2012","22.1",
"21","Gender pay gap in monthly earning, %","Gender pay gap in monthly earning","Percent","203","CZE","Czechia","2013","21.7",
"21","Gender pay gap in monthly earning, %","Gender pay gap in monthly earning","Percent","203","CZE","Czechia","2014","21.9",
"21","Gender pay gap in monthly earning, %","Gender pay gap in monthly earning","Percent","203","CZE","Czechia","2015","21.9",
"21","Gender pay gap in monthly earning, %","Gender pay gap in monthly earning","Percent","203","CZE","Czechia","2016","21.1",
"21","Gender pay gap in monthly earning, %","Gender pay gap in monthly earning","Percent","203","CZE","Czechia","2017","20.7",
"21","Gender pay gap in monthly earning, %","Gender pay gap in monthly earning","Percent","203","CZE","Czechia","2018","..",
"21","Gender pay gap in monthly earning, %","Gender pay gap in monthly earning","Percent","208","DNK","Denmark","2005","..",
"21","Gender pay gap in monthly earning, %","Gender pay gap in monthly earning","Percent","208","DNK","Denmark","2006","21.4",
"21","Gender pay gap in monthly earning, %","Gender pay gap in monthly earning","Percent","208","DNK","Denmark","2007","..",
"21","Gender pay gap in monthly earning, %","Gender pay gap in monthly earning","Percent","208","DNK","Denmark","2008","..",
"21","Gender pay gap in monthly earning, %","Gender pay gap in monthly earning","Percent","208","DNK","Denmark","2009","..",
"21","Gender pay gap in monthly earning, %","Gender pay gap in monthly earning","Percent","208","DNK","Denmark","2010","19.6",
"21","Gender pay gap in monthly earning, %","Gender pay gap in monthly earning","Percent","208","DNK","Denmark","2011","..",
"21","Gender pay gap in monthly earning, %","Gender pay gap in monthly earning","Percent","208","DNK","Denmark","2012","..",
"21","Gender pay gap in monthly earning, %","Gender pay gap in monthly earning","Percent","208","DNK","Denmark","2013","..",
"21","Gender pay gap in monthly earning, %","Gender pay gap in monthly earning","Percent","208","DNK","Denmark","2014","..",
"21","Gender pay gap in monthly earning, %","Gender pay gap in monthly earning","Percent","208","DNK","Denmark","2015","..",
"21","Gender pay gap in monthly earning, %","Gender pay gap in monthly earning","Percent","208","DNK","Denmark","2016","..",
"21","Gender pay gap in monthly earning, %","Gender pay gap in monthly earning","Percent","208","DNK","Denmark","2017","..",
"21","Gender pay gap in monthly earning, %","Gender pay gap in monthly earning","Percent","208","DNK","Denmark","2018","..",
"21","Gender pay gap in monthly earning, %","Gender pay gap in monthly earning","Percent","233","EST","Estonia","2005","31.2",
"21","Gender pay gap in monthly earning, %","Gender pay gap in monthly earning","Percent","233","EST","Estonia","2006","32.7",
"21","Gender pay gap in monthly earning, %","Gender pay gap in monthly earning","Percent","233","EST","Estonia","2007","31.0",
"21","Gender pay gap in monthly earning, %","Gender pay gap in monthly earning","Percent","233","EST","Estonia","2008","30.9",
"21","Gender pay gap in monthly earning, %","Gender pay gap in monthly earning","Percent","233","EST","Estonia","2009","27.9",
"21","Gender pay gap in monthly earning, %","Gender pay gap in monthly earning","Percent","233","EST","Estonia","2010","31.1",
"21","Gender pay gap in monthly earning, %","Gender pay gap in monthly earning","Percent","233","EST","Estonia","2011","31.0",
"21","Gender pay gap in monthly earning, %","Gender pay gap in monthly earning","Percent","233","EST","Estonia","2012","33.8",
"21","Gender pay gap in monthly earning, %","Gender pay gap in monthly earning","Percent","233","EST","Estonia","2013","30.7",
"21","Gender pay gap in monthly earning, %","Gender pay gap in monthly earning","Percent","233","EST","Estonia","2014","23.6",
"21","Gender pay gap in monthly earning, %","Gender pay gap in monthly earning","Percent","233","EST","Estonia","2015","25.0",
"21","Gender pay gap in monthly earning, %","Gender pay gap in monthly earning","Percent","233","EST","Estonia","2016","22.7",
"21","Gender pay gap in monthly earning, %","Gender pay gap in monthly earning","Percent","233","EST","Estonia","2017","23.8",
"21","Gender pay gap in monthly earning, %","Gender pay gap in monthly earning","Percent","233","EST","Estonia","2018","..",
"21","Gender pay gap in monthly earning, %","Gender pay gap in monthly earning","Percent","246","FIN","Finland","2005","19.1",
"21","Gender pay gap in monthly earning, %","Gender pay gap in monthly earning","Percent","246","FIN","Finland","2006","19.8",
"21","Gender pay gap in monthly earning, %","Gender pay gap in monthly earning","Percent","246","FIN","Finland","2007","19.8",
"21","Gender pay gap in monthly earning, %","Gender pay gap in monthly earning","Percent","246","FIN","Finland","2008","19.2",
"21","Gender pay gap in monthly earning, %","Gender pay gap in monthly earning","Percent","246","FIN","Finland","2009","18.9",
"21","Gender pay gap in monthly earning, %","Gender pay gap in monthly earning","Percent","246","FIN","Finland","2010","18.5",
"21","Gender pay gap in monthly earning, %","Gender pay gap in monthly earning","Percent","246","FIN","Finland","2011","18.0",
"21","Gender pay gap in monthly earning, %","Gender pay gap in monthly earning","Percent","246","FIN","Finland","2012","18.1",
"21","Gender pay gap in monthly earning, %","Gender pay gap in monthly earning","Percent","246","FIN","Finland","2013","17.8",
"21","Gender pay gap in monthly earning, %","Gender pay gap in monthly earning","Percent","246","FIN","Finland","2014","17.2",
"21","Gender pay gap in monthly earning, %","Gender pay gap in monthly earning","Percent","246","FIN","Finland","2015","17.0",
"21","Gender pay gap in monthly earning, %","Gender pay gap in monthly earning","Percent","246","FIN","Finland","2016","17.3",
"21","Gender pay gap in monthly earning, %","Gender pay gap in monthly earning","Percent","246","FIN","Finland","2017","16.7",
"21","Gender pay gap in monthly earning, %","Gender pay gap in monthly earning","Percent","246","FIN","Finland","2018","..",
"21","Gender pay gap in monthly earning, %","Gender pay gap in monthly earning","Percent","250","FRA","France","2005","..",
"21","Gender pay gap in monthly earning, %","Gender pay gap in monthly earning","Percent","250","FRA","France","2006","18.1",
"21","Gender pay gap in monthly earning, %","Gender pay gap in monthly earning","Percent","250","FRA","France","2007","..",
"21","Gender pay gap in monthly earning, %","Gender pay gap in monthly earning","Percent","250","FRA","France","2008","..",
"21","Gender pay gap in monthly earning, %","Gender pay gap in monthly earning","Percent","250","FRA","France","2009","..",
"21","Gender pay gap in monthly earning, %","Gender pay gap in monthly earning","Percent","250","FRA","France","2010","23.8",
"21","Gender pay gap in monthly earning, %","Gender pay gap in monthly earning","Percent","250","FRA","France","2011","..",
"21","Gender pay gap in monthly earning, %","Gender pay gap in monthly earning","Percent","250","FRA","France","2012","..",
"21","Gender pay gap in monthly earning, %","Gender pay gap in monthly earning","Percent","250","FRA","France","2013","..",
"21","Gender pay gap in monthly earning, %","Gender pay gap in monthly earning","Percent","250","FRA","France","2014","23.4",
"21","Gender pay gap in monthly earning, %","Gender pay gap in monthly earning","Percent","250","FRA","France","2015","..",
"21","Gender pay gap in monthly earning, %","Gender pay gap in monthly earning","Percent","250","FRA","France","2016","..",
"21","Gender pay gap in monthly earning, %","Gender pay gap in monthly earning","Percent","250","FRA","France","2017","..",
"21","Gender pay gap in monthly earning, %","Gender pay gap in monthly earning","Percent","250","FRA","France","2018","..",
"21","Gender pay gap in monthly earning, %","Gender pay gap in monthly earning","Percent","268","GEO","Georgia","2005","51.0",
"21","Gender pay gap in monthly earning, %","Gender pay gap in monthly earning","Percent","268","GEO","Georgia","2006","50.9",
"21","Gender pay gap in monthly earning, %","Gender pay gap in monthly earning","Percent","268","GEO","Georgia","2007","49.5",
"21","Gender pay gap in monthly earning, %","Gender pay gap in monthly earning","Percent","268","GEO","Georgia","2008","45.8",
"21","Gender pay gap in monthly earning, %","Gender pay gap in monthly earning","Percent","268","GEO","Georgia","2009","42.3",
"21","Gender pay gap in monthly earning, %","Gender pay gap in monthly earning","Percent","268","GEO","Georgia","2010","42.6",
"21","Gender pay gap in monthly earning, %","Gender pay gap in monthly earning","Percent","268","GEO","Georgia","2011","40.3",
"21","Gender pay gap in monthly earning, %","Gender pay gap in monthly earning","Percent","268","GEO","Georgia","2012","39.8",
"21","Gender pay gap in monthly earning, %","Gender pay gap in monthly earning","Percent","268","GEO","Georgia","2013","36.4",
"21","Gender pay gap in monthly earning, %","Gender pay gap in monthly earning","Percent","268","GEO","Georgia","2014","36.9",
"21","Gender pay gap in monthly earning, %","Gender pay gap in monthly earning","Percent","268","GEO","Georgia","2015","35.5",
"21","Gender pay gap in monthly earning, %","Gender pay gap in monthly earning","Percent","268","GEO","Georgia","2016","34.5",
"21","Gender pay gap in monthly earning, %","Gender pay gap in monthly earning","Percent","268","GEO","Georgia","2017","35.7",
"21","Gender pay gap in monthly earning, %","Gender pay gap in monthly earning","Percent","268","GEO","Georgia","2018","..",
"21","Gender pay gap in monthly earning, %","Gender pay gap in monthly earning","Percent","276","DEU","Germany","2005","..",
"21","Gender pay gap in monthly earning, %","Gender pay gap in monthly earning","Percent","276","DEU","Germany","2006","20.9",
"21","Gender pay gap in monthly earning, %","Gender pay gap in monthly earning","Percent","276","DEU","Germany","2007","..",
"21","Gender pay gap in monthly earning, %","Gender pay gap in monthly earning","Percent","276","DEU","Germany","2008","..",
"21","Gender pay gap in monthly earning, %","Gender pay gap in monthly earning","Percent","276","DEU","Germany","2009","..",
"21","Gender pay gap in monthly earning, %","Gender pay gap in monthly earning","Percent","276","DEU","Germany","2010","19.0",
"21","Gender pay gap in monthly earning, %","Gender pay gap in monthly earning","Percent","276","DEU","Germany","2011","..",
"21","Gender pay gap in monthly earning, %","Gender pay gap in monthly earning","Percent","276","DEU","Germany","2012","..",
"21","Gender pay gap in monthly earning, %","Gender pay gap in monthly earning","Percent","276","DEU","Germany","2013","..",
"21","Gender pay gap in monthly earning, %","Gender pay gap in monthly earning","Percent","276","DEU","Germany","2014","18.1",
"21","Gender pay gap in monthly earning, %","Gender pay gap in monthly earning","Percent","276","DEU","Germany","2015","..",
"21","Gender pay gap in monthly earning, %","Gender pay gap in monthly earning","Percent","276","DEU","Germany","2016","..",
"21","Gender pay gap in monthly earning, %","Gender pay gap in monthly earning","Percent","276","DEU","Germany","2017","..",
"21","Gender pay gap in monthly earning, %","Gender pay gap in monthly earning","Percent","276","DEU","Germany","2018","..",
"21","Gender pay gap in monthly earning, %","Gender pay gap in monthly earning","Percent","300","GRC","Greece","2005","..",
"21","Gender pay gap in monthly earning, %","Gender pay gap in monthly earning","Percent","300","GRC","Greece","2006","23.8",
"21","Gender pay gap in monthly earning, %","Gender pay gap in monthly earning","Percent","300","GRC","Greece","2007","..",
"21","Gender pay gap in monthly earning, %","Gender pay gap in monthly earning","Percent","300","GRC","Greece","2008","..",
"21","Gender pay gap in monthly earning, %","Gender pay gap in monthly earning","Percent","300","GRC","Greece","2009","..",
"21","Gender pay gap in monthly earning, %","Gender pay gap in monthly earning","Percent","300","GRC","Greece","2010","17.8",
"21","Gender pay gap in monthly earning, %","Gender pay gap in monthly earning","Percent","300","GRC","Greece","2011","..",
"21","Gender pay gap in monthly earning, %","Gender pay gap in monthly earning","Percent","300","GRC","Greece","2012","..",
"21","Gender pay gap in monthly earning, %","Gender pay gap in monthly earning","Percent","300","GRC","Greece","2013","..",
"21","Gender pay gap in monthly earning, %","Gender pay gap in monthly earning","Percent","300","GRC","Greece","2014","..",
"21","Gender pay gap in monthly earning, %","Gender pay gap in monthly earning","Percent","300","GRC","Greece","2015","..",
"21","Gender pay gap in monthly earning, %","Gender pay gap in monthly earning","Percent","300","GRC","Greece","2016","..",
"21","Gender pay gap in monthly earning, %","Gender pay gap in monthly earning","Percent","300","GRC","Greece","2017","..",
"21","Gender pay gap in monthly earning, %","Gender pay gap in monthly earning","Percent","300","GRC","Greece","2018","..",
"21","Gender pay gap in monthly earning, %","Gender pay gap in monthly earning","Percent","348","HUN","Hungary","2005","..",
"21","Gender pay gap in monthly earning, %","Gender pay gap in monthly earning","Percent","348","HUN","Hungary","2006","16.6",
"21","Gender pay gap in monthly earning, %","Gender pay gap in monthly earning","Percent","348","HUN","Hungary","2007","18.5",
"21","Gender pay gap in monthly earning, %","Gender pay gap in monthly earning","Percent","348","HUN","Hungary","2008","18.9",
"21","Gender pay gap in monthly earning, %","Gender pay gap in monthly earning","Percent","348","HUN","Hungary","2009","18.4",
"21","Gender pay gap in monthly earning, %","Gender pay gap in monthly earning","Percent","348","HUN","Hungary","2010","19.3",
"21","Gender pay gap in monthly earning, %","Gender pay gap in monthly earning","Percent","348","HUN","Hungary","2011","19.6",
"21","Gender pay gap in monthly earning, %","Gender pay gap in monthly earning","Percent","348","HUN","Hungary","2012","22.2",
"21","Gender pay gap in monthly earning, %","Gender pay gap in monthly earning","Percent","348","HUN","Hungary","2013","20.7",
"21","Gender pay gap in monthly earning, %","Gender pay gap in monthly earning","Percent","348","HUN","Hungary","2014","17.3",
"21","Gender pay gap in monthly earning, %","Gender pay gap in monthly earning","Percent","348","HUN","Hungary","2015","17.0",
"21","Gender pay gap in monthly earning, %","Gender pay gap in monthly earning","Percent","348","HUN","Hungary","2016","17.6",
"21","Gender pay gap in monthly earning, %","Gender pay gap in monthly earning","Percent","348","HUN","Hungary","2017","..",
"21","Gender pay gap in monthly earning, %","Gender pay gap in monthly earning","Percent","348","HUN","Hungary","2018","..",
"21","Gender pay gap in monthly earning, %","Gender pay gap in monthly earning","Percent","352","ISL","Iceland","2005","30.6",
"21","Gender pay gap in monthly earning, %","Gender pay gap in monthly earning","Percent","352","ISL","Iceland","2006","30.7",
"21","Gender pay gap in monthly earning, %","Gender pay gap in monthly earning","Percent","352","ISL","Iceland","2007","30.8",
"21","Gender pay gap in monthly earning, %","Gender pay gap in monthly earning","Percent","352","ISL","Iceland","2008","28.3",
"21","Gender pay gap in monthly earning, %","Gender pay gap in monthly earning","Percent","352","ISL","Iceland","2009","23.8",
"21","Gender pay gap in monthly earning, %","Gender pay gap in monthly earning","Percent","352","ISL","Iceland","2010","22.7",
"21","Gender pay gap in monthly earning, %","Gender pay gap in monthly earning","Percent","352","ISL","Iceland","2011","23.0",
"21","Gender pay gap in monthly earning, %","Gender pay gap in monthly earning","Percent","352","ISL","Iceland","2012","22.7",
"21","Gender pay gap in monthly earning, %","Gender pay gap in monthly earning","Percent","352","ISL","Iceland","2013","22.7",
"21","Gender pay gap in monthly earning, %","Gender pay gap in monthly earning","Percent","352","ISL","Iceland","2014","21.9",
"21","Gender pay gap in monthly earning, %","Gender pay gap in monthly earning","Percent","352","ISL","Iceland","2015","21.0",
"21","Gender pay gap in monthly earning, %","Gender pay gap in monthly earning","Percent","352","ISL","Iceland","2016","21.8",
"21","Gender pay gap in monthly earning, %","Gender pay gap in monthly earning","Percent","352","ISL","Iceland","2017","19.9",
"21","Gender pay gap in monthly earning, %","Gender pay gap in monthly earning","Percent","352","ISL","Iceland","2018","..",
"21","Gender pay gap in monthly earning, %","Gender pay gap in monthly earning","Percent","372","IRL","Ireland","2005","..",
"21","Gender pay gap in monthly earning, %","Gender pay gap in monthly earning","Percent","372","IRL","Ireland","2006","..",
"21","Gender pay gap in monthly earning, %","Gender pay gap in monthly earning","Percent","372","IRL","Ireland","2007","..",
"21","Gender pay gap in monthly earning, %","Gender pay gap in monthly earning","Percent","372","IRL","Ireland","2008","..",
"21","Gender pay gap in monthly earning, %","Gender pay gap in monthly earning","Percent","372","IRL","Ireland","2009","..",
"21","Gender pay gap in monthly earning, %","Gender pay gap in monthly earning","Percent","372","IRL","Ireland","2010","..",
"21","Gender pay gap in monthly earning, %","Gender pay gap in monthly earning","Percent","372","IRL","Ireland","2011","24.2",
"21","Gender pay gap in monthly earning, %","Gender pay gap in monthly earning","Percent","372","IRL","Ireland","2012","24.6",
"21","Gender pay gap in monthly earning, %","Gender pay gap in monthly earning","Percent","372","IRL","Ireland","2013","25.7",
"21","Gender pay gap in monthly earning, %","Gender pay gap in monthly earning","Percent","372","IRL","Ireland","2014","26.0",
"21","Gender pay gap in monthly earning, %","Gender pay gap in monthly earning","Percent","372","IRL","Ireland","2015","..",
"21","Gender pay gap in monthly earning, %","Gender pay gap in monthly earning","Percent","372","IRL","Ireland","2016","..",
"21","Gender pay gap in monthly earning, %","Gender pay gap in monthly earning","Percent","372","IRL","Ireland","2017","..",
"21","Gender pay gap in monthly earning, %","Gender pay gap in monthly earning","Percent","372","IRL","Ireland","2018","..",
"21","Gender pay gap in monthly earning, %","Gender pay gap in monthly earning","Percent","376","ISR","Israel","2005","36.8",
"21","Gender pay gap in monthly earning, %","Gender pay gap in monthly earning","Percent","376","ISR","Israel","2006","36.6",
"21","Gender pay gap in monthly earning, %","Gender pay gap in monthly earning","Percent","376","ISR","Israel","2007","35.8",
"21","Gender pay gap in monthly earning, %","Gender pay gap in monthly earning","Percent","376","ISR","Israel","2008","36.9",
"21","Gender pay gap in monthly earning, %","Gender pay gap in monthly earning","Percent","376","ISR","Israel","2009","34.1",
"21","Gender pay gap in monthly earning, %","Gender pay gap in monthly earning","Percent","376","ISR","Israel","2010","34.3",
"21","Gender pay gap in monthly earning, %","Gender pay gap in monthly earning","Percent","376","ISR","Israel","2011","33.9",
"21","Gender pay gap in monthly earning, %","Gender pay gap in monthly earning","Percent","376","ISR","Israel","2012","32.6",
"21","Gender pay gap in monthly earning, %","Gender pay gap in monthly earning","Percent","376","ISR","Israel","2013","31.9",
"21","Gender pay gap in monthly earning, %","Gender pay gap in monthly earning","Percent","376","ISR","Israel","2014","33.1",
"21","Gender pay gap in monthly earning, %","Gender pay gap in monthly earning","Percent","376","ISR","Israel","2015","32.8",
"21","Gender pay gap in monthly earning, %","Gender pay gap in monthly earning","Percent","376","ISR","Israel","2016","34.6",
"21","Gender pay gap in monthly earning, %","Gender pay gap in monthly earning","Percent","376","ISR","Israel","2017","31.4",
"21","Gender pay gap in monthly earning, %","Gender pay gap in monthly earning","Percent","376","ISR","Israel","2018","..",
"21","Gender pay gap in monthly earning, %","Gender pay gap in monthly earning","Percent","380","ITA","Italy","2005","..",
"21","Gender pay gap in monthly earning, %","Gender pay gap in monthly earning","Percent","380","ITA","Italy","2006","26.4",
"21","Gender pay gap in monthly earning, %","Gender pay gap in monthly earning","Percent","380","ITA","Italy","2007","27.0",
"21","Gender pay gap in monthly earning, %","Gender pay gap in monthly earning","Percent","380","ITA","Italy","2008","24.8",
"21","Gender pay gap in monthly earning, %","Gender pay gap in monthly earning","Percent","380","ITA","Italy","2009","25.1",
"21","Gender pay gap in monthly earning, %","Gender pay gap in monthly earning","Percent","380","ITA","Italy","2010","14.6",
"21","Gender pay gap in monthly earning, %","Gender pay gap in monthly earning","Percent","380","ITA","Italy","2011","..",
"21","Gender pay gap in monthly earning, %","Gender pay gap in monthly earning","Percent","380","ITA","Italy","2012","..",
"21","Gender pay gap in monthly earning, %","Gender pay gap in monthly earning","Percent","380","ITA","Italy","2013","..",
"21","Gender pay gap in monthly earning, %","Gender pay gap in monthly earning","Percent","380","ITA","Italy","2014","17.5",
"21","Gender pay gap in monthly earning, %","Gender pay gap in monthly earning","Percent","380","ITA","Italy","2015","..",
"21","Gender pay gap in monthly earning, %","Gender pay gap in monthly earning","Percent","380","ITA","Italy","2016","..",
"21","Gender pay gap in monthly earning, %","Gender pay gap in monthly earning","Percent","380","ITA","Italy","2017","..",
"21","Gender pay gap in monthly earning, %","Gender pay gap in monthly earning","Percent","380","ITA","Italy","2018","..",
"21","Gender pay gap in monthly earning, %","Gender pay gap in monthly earning","Percent","398","KAZ","Kazakhstan","2005","38.9",
"21","Gender pay gap in monthly earning, %","Gender pay gap in monthly earning","Percent","398","KAZ","Kazakhstan","2006","37.7",
"21","Gender pay gap in monthly earning, %","Gender pay gap in monthly earning","Percent","398","KAZ","Kazakhstan","2007","34.2",
"21","Gender pay gap in monthly earning, %","Gender pay gap in monthly earning","Percent","398","KAZ","Kazakhstan","2008","36.2",
"21","Gender pay gap in monthly earning, %","Gender pay gap in monthly earning","Percent","398","KAZ","Kazakhstan","2009","33.8",
"21","Gender pay gap in monthly earning, %","Gender pay gap in monthly earning","Percent","398","KAZ","Kazakhstan","2010","34.0",
"21","Gender pay gap in monthly earning, %","Gender pay gap in monthly earning","Percent","398","KAZ","Kazakhstan","2011","32.0",
"21","Gender pay gap in monthly earning, %","Gender pay gap in monthly earning","Percent","398","KAZ","Kazakhstan","2012","30.5",
"21","Gender pay gap in monthly earning, %","Gender pay gap in monthly earning","Percent","398","KAZ","Kazakhstan","2013","32.2",
"21","Gender pay gap in monthly earning, %","Gender pay gap in monthly earning","Percent","398","KAZ","Kazakhstan","2014","33.0",
"21","Gender pay gap in monthly earning, %","Gender pay gap in monthly earning","Percent","398","KAZ","Kazakhstan","2015","34.1",
"21","Gender pay gap in monthly earning, %","Gender pay gap in monthly earning","Percent","398","KAZ","Kazakhstan","2016","31.4",
"21","Gender pay gap in monthly earning, %","Gender pay gap in monthly earning","Percent","398","KAZ","Kazakhstan","2017","32.2",
"21","Gender pay gap in monthly earning, %","Gender pay gap in monthly earning","Percent","398","KAZ","Kazakhstan","2018","..",
"21","Gender pay gap in monthly earning, %","Gender pay gap in monthly earning","Percent","417","KGZ","Kyrgyzstan","2005","37.5",
"21","Gender pay gap in monthly earning, %","Gender pay gap in monthly earning","Percent","417","KGZ","Kyrgyzstan","2006","34.2",
"21","Gender pay gap in monthly earning, %","Gender pay gap in monthly earning","Percent","417","KGZ","Kyrgyzstan","2007","32.7",
"21","Gender pay gap in monthly earning, %","Gender pay gap in monthly earning","Percent","417","KGZ","Kyrgyzstan","2008","32.7",
"21","Gender pay gap in monthly earning, %","Gender pay gap in monthly earning","Percent","417","KGZ","Kyrgyzstan","2009","36.1",
"21","Gender pay gap in monthly earning, %","Gender pay gap in monthly earning","Percent","417","KGZ","Kyrgyzstan","2010","36.4",
"21","Gender pay gap in monthly earning, %","Gender pay gap in monthly earning","Percent","417","KGZ","Kyrgyzstan","2011","21.6",
"21","Gender pay gap in monthly earning, %","Gender pay gap in monthly earning","Percent","417","KGZ","Kyrgyzstan","2012","25.7",
"21","Gender pay gap in monthly earning, %","Gender pay gap in monthly earning","Percent","417","KGZ","Kyrgyzstan","2013","26.7",
"21","Gender pay gap in monthly earning, %","Gender pay gap in monthly earning","Percent","417","KGZ","Kyrgyzstan","2014","28.9",
"21","Gender pay gap in monthly earning, %","Gender pay gap in monthly earning","Percent","417","KGZ","Kyrgyzstan","2015","24.5",
"21","Gender pay gap in monthly earning, %","Gender pay gap in monthly earning","Percent","417","KGZ","Kyrgyzstan","2016","24.7",
"21","Gender pay gap in monthly earning, %","Gender pay gap in monthly earning","Percent","417","KGZ","Kyrgyzstan","2017","27.5",
"21","Gender pay gap in monthly earning, %","Gender pay gap in monthly earning","Percent","417","KGZ","Kyrgyzstan","2018","..",
"21","Gender pay gap in monthly earning, %","Gender pay gap in monthly earning","Percent","428","LVA","Latvia","2005","18.1",
"21","Gender pay gap in monthly earning, %","Gender pay gap in monthly earning","Percent","428","LVA","Latvia","2006","17.6",
"21","Gender pay gap in monthly earning, %","Gender pay gap in monthly earning","Percent","428","LVA","Latvia","2007","16.1",
"21","Gender pay gap in monthly earning, %","Gender pay gap in monthly earning","Percent","428","LVA","Latvia","2008","15.1",
"21","Gender pay gap in monthly earning, %","Gender pay gap in monthly earning","Percent","428","LVA","Latvia","2009","16.0",
"21","Gender pay gap in monthly earning, %","Gender pay gap in monthly earning","Percent","428","LVA","Latvia","2010","18.4",
"21","Gender pay gap in monthly earning, %","Gender pay gap in monthly earning","Percent","428","LVA","Latvia","2011","16.5",
"21","Gender pay gap in monthly earning, %","Gender pay gap in monthly earning","Percent","428","LVA","Latvia","2012","16.8",
"21","Gender pay gap in monthly earning, %","Gender pay gap in monthly earning","Percent","428","LVA","Latvia","2013","16.9",
"21","Gender pay gap in monthly earning, %","Gender pay gap in monthly earning","Percent","428","LVA","Latvia","2014","17.0",
"21","Gender pay gap in monthly earning, %","Gender pay gap in monthly earning","Percent","428","LVA","Latvia","2015","16.1",
"21","Gender pay gap in monthly earning, %","Gender pay gap in monthly earning","Percent","428","LVA","Latvia","2016","17.1",
"21","Gender pay gap in monthly earning, %","Gender pay gap in monthly earning","Percent","428","LVA","Latvia","2017","15.3",
"21","Gender pay gap in monthly earning, %","Gender pay gap in monthly earning","Percent","428","LVA","Latvia","2018","..",
"21","Gender pay gap in monthly earning, %","Gender pay gap in monthly earning","Percent","438","LIE","Liechtenstein","2005","20.2",
"21","Gender pay gap in monthly earning, %","Gender pay gap in monthly earning","Percent","438","LIE","Liechtenstein","2006","20.0",
"21","Gender pay gap in monthly earning, %","Gender pay gap in monthly earning","Percent","438","LIE","Liechtenstein","2007","..",
"21","Gender pay gap in monthly earning, %","Gender pay gap in monthly earning","Percent","438","LIE","Liechtenstein","2008","19.5",
"21","Gender pay gap in monthly earning, %","Gender pay gap in monthly earning","Percent","438","LIE","Liechtenstein","2009","..",
"21","Gender pay gap in monthly earning, %","Gender pay gap in monthly earning","Percent","438","LIE","Liechtenstein","2010","17.8",
"21","Gender pay gap in monthly earning, %","Gender pay gap in monthly earning","Percent","438","LIE","Liechtenstein","2011","..",
"21","Gender pay gap in monthly earning, %","Gender pay gap in monthly earning","Percent","438","LIE","Liechtenstein","2012","17.2",
"21","Gender pay gap in monthly earning, %","Gender pay gap in monthly earning","Percent","438","LIE","Liechtenstein","2013","..",
"21","Gender pay gap in monthly earning, %","Gender pay gap in monthly earning","Percent","438","LIE","Liechtenstein","2014","16.5",
"21","Gender pay gap in monthly earning, %","Gender pay gap in monthly earning","Percent","438","LIE","Liechtenstein","2015","..",
"21","Gender pay gap in monthly earning, %","Gender pay gap in monthly earning","Percent","438","LIE","Liechtenstein","2016","15.2",
"21","Gender pay gap in monthly earning, %","Gender pay gap in monthly earning","Percent","438","LIE","Liechtenstein","2017","..",
"21","Gender pay gap in monthly earning, %","Gender pay gap in monthly earning","Percent","438","LIE","Liechtenstein","2018","..",
"21","Gender pay gap in monthly earning, %","Gender pay gap in monthly earning","Percent","440","LTU","Lithuania","2005","17.6",
"21","Gender pay gap in monthly earning, %","Gender pay gap in monthly earning","Percent","440","LTU","Lithuania","2006","17.8",
"21","Gender pay gap in monthly earning, %","Gender pay gap in monthly earning","Percent","440","LTU","Lithuania","2007","20.7",
"21","Gender pay gap in monthly earning, %","Gender pay gap in monthly earning","Percent","440","LTU","Lithuania","2008","19.1",
"21","Gender pay gap in monthly earning, %","Gender pay gap in monthly earning","Percent","440","LTU","Lithuania","2009","12.8",
"21","Gender pay gap in monthly earning, %","Gender pay gap in monthly earning","Percent","440","LTU","Lithuania","2010","14.3",
"21","Gender pay gap in monthly earning, %","Gender pay gap in monthly earning","Percent","440","LTU","Lithuania","2011","13.5",
"21","Gender pay gap in monthly earning, %","Gender pay gap in monthly earning","Percent","440","LTU","Lithuania","2012","13.5",
"21","Gender pay gap in monthly earning, %","Gender pay gap in monthly earning","Percent","440","LTU","Lithuania","2013","14.3",
"21","Gender pay gap in monthly earning, %","Gender pay gap in monthly earning","Percent","440","LTU","Lithuania","2014","15.0",
"21","Gender pay gap in monthly earning, %","Gender pay gap in monthly earning","Percent","440","LTU","Lithuania","2015","15.5",
"21","Gender pay gap in monthly earning, %","Gender pay gap in monthly earning","Percent","440","LTU","Lithuania","2016","15.6",
"21","Gender pay gap in monthly earning, %","Gender pay gap in monthly earning","Percent","440","LTU","Lithuania","2017","15.1",
"21","Gender pay gap in monthly earning, %","Gender pay gap in monthly earning","Percent","440","LTU","Lithuania","2018","..",
"21","Gender pay gap in monthly earning, %","Gender pay gap in monthly earning","Percent","442","LUX","Luxembourg","2005","19.2",
"21","Gender pay gap in monthly earning, %","Gender pay gap in monthly earning","Percent","442","LUX","Luxembourg","2006","18.7",
"21","Gender pay gap in monthly earning, %","Gender pay gap in monthly earning","Percent","442","LUX","Luxembourg","2007","17.7",
"21","Gender pay gap in monthly earning, %","Gender pay gap in monthly earning","Percent","442","LUX","Luxembourg","2008","17.3",
"21","Gender pay gap in monthly earning, %","Gender pay gap in monthly earning","Percent","442","LUX","Luxembourg","2009","..",
"21","Gender pay gap in monthly earning, %","Gender pay gap in monthly earning","Percent","442","LUX","Luxembourg","2010","..",
"21","Gender pay gap in monthly earning, %","Gender pay gap in monthly earning","Percent","442","LUX","Luxembourg","2011","..",
"21","Gender pay gap in monthly earning, %","Gender pay gap in monthly earning","Percent","442","LUX","Luxembourg","2012","..",
"21","Gender pay gap in monthly earning, %","Gender pay gap in monthly earning","Percent","442","LUX","Luxembourg","2013","..",
"21","Gender pay gap in monthly earning, %","Gender pay gap in monthly earning","Percent","442","LUX","Luxembourg","2014","7.8",
"21","Gender pay gap in monthly earning, %","Gender pay gap in monthly earning","Percent","442","LUX","Luxembourg","2015","..",
"21","Gender pay gap in monthly earning, %","Gender pay gap in monthly earning","Percent","442","LUX","Luxembourg","2016","..",
"21","Gender pay gap in monthly earning, %","Gender pay gap in monthly earning","Percent","442","LUX","Luxembourg","2017","7.6",
"21","Gender pay gap in monthly earning, %","Gender pay gap in monthly earning","Percent","442","LUX","Luxembourg","2018","..",
"21","Gender pay gap in monthly earning, %","Gender pay gap in monthly earning","Percent","470","MLT","Malta","2005","..",
"21","Gender pay gap in monthly earning, %","Gender pay gap in monthly earning","Percent","470","MLT","Malta","2006","14.0",
"21","Gender pay gap in monthly earning, %","Gender pay gap in monthly earning","Percent","470","MLT","Malta","2007","..",
"21","Gender pay gap in monthly earning, %","Gender pay gap in monthly earning","Percent","470","MLT","Malta","2008","..",
"21","Gender pay gap in monthly earning, %","Gender pay gap in monthly earning","Percent","470","MLT","Malta","2009","..",
"21","Gender pay gap in monthly earning, %","Gender pay gap in monthly earning","Percent","470","MLT","Malta","2010","15.3",
"21","Gender pay gap in monthly earning, %","Gender pay gap in monthly earning","Percent","470","MLT","Malta","2011","..",
"21","Gender pay gap in monthly earning, %","Gender pay gap in monthly earning","Percent","470","MLT","Malta","2012","..",
"21","Gender pay gap in monthly earning, %","Gender pay gap in monthly earning","Percent","470","MLT","Malta","2013","..",
"21","Gender pay gap in monthly earning, %","Gender pay gap in monthly earning","Percent","470","MLT","Malta","2014","18.4",
"21","Gender pay gap in monthly earning, %","Gender pay gap in monthly earning","Percent","470","MLT","Malta","2015","24.5",
"21","Gender pay gap in monthly earning, %","Gender pay gap in monthly earning","Percent","470","MLT","Malta","2016","23.4",
"21","Gender pay gap in monthly earning, %","Gender pay gap in monthly earning","Percent","470","MLT","Malta","2017","..",
"21","Gender pay gap in monthly earning, %","Gender pay gap in monthly earning","Percent","470","MLT","Malta","2018","..",
"21","Gender pay gap in monthly earning, %","Gender pay gap in monthly earning","Percent","528","NLD","Netherlands","2005","41.4",
"21","Gender pay gap in monthly earning, %","Gender pay gap in monthly earning","Percent","528","NLD","Netherlands","2006","44.5",
"21","Gender pay gap in monthly earning, %","Gender pay gap in monthly earning","Percent","528","NLD","Netherlands","2007","43.9",
"21","Gender pay gap in monthly earning, %","Gender pay gap in monthly earning","Percent","528","NLD","Netherlands","2008","43.1",
"21","Gender pay gap in monthly earning, %","Gender pay gap in monthly earning","Percent","528","NLD","Netherlands","2009","42.8",
"21","Gender pay gap in monthly earning, %","Gender pay gap in monthly earning","Percent","528","NLD","Netherlands","2010","42.6",
"21","Gender pay gap in monthly earning, %","Gender pay gap in monthly earning","Percent","528","NLD","Netherlands","2011","42.4",
"21","Gender pay gap in monthly earning, %","Gender pay gap in monthly earning","Percent","528","NLD","Netherlands","2012","41.7",
"21","Gender pay gap in monthly earning, %","Gender pay gap in monthly earning","Percent","528","NLD","Netherlands","2013","41.0",
"21","Gender pay gap in monthly earning, %","Gender pay gap in monthly earning","Percent","528","NLD","Netherlands","2014","40.4",
"21","Gender pay gap in monthly earning, %","Gender pay gap in monthly earning","Percent","528","NLD","Netherlands","2015","39.9",
"21","Gender pay gap in monthly earning, %","Gender pay gap in monthly earning","Percent","528","NLD","Netherlands","2016","39.1",
"21","Gender pay gap in monthly earning, %","Gender pay gap in monthly earning","Percent","528","NLD","Netherlands","2017","38.3",
"21","Gender pay gap in monthly earning, %","Gender pay gap in monthly earning","Percent","528","NLD","Netherlands","2018","..",
"21","Gender pay gap in monthly earning, %","Gender pay gap in monthly earning","Percent","807","MKD","North Macedonia","2005","..",
"21","Gender pay gap in monthly earning, %","Gender pay gap in monthly earning","Percent","807","MKD","North Macedonia","2006","..",
"21","Gender pay gap in monthly earning, %","Gender pay gap in monthly earning","Percent","807","MKD","North Macedonia","2007","..",
"21","Gender pay gap in monthly earning, %","Gender pay gap in monthly earning","Percent","807","MKD","North Macedonia","2008","..",
"21","Gender pay gap in monthly earning, %","Gender pay gap in monthly earning","Percent","807","MKD","North Macedonia","2009","..",
"21","Gender pay gap in monthly earning, %","Gender pay gap in monthly earning","Percent","807","MKD","North Macedonia","2010","6.7",
"21","Gender pay gap in monthly earning, %","Gender pay gap in monthly earning","Percent","807","MKD","North Macedonia","2011","..",
"21","Gender pay gap in monthly earning, %","Gender pay gap in monthly earning","Percent","807","MKD","North Macedonia","2012","..",
"21","Gender pay gap in monthly earning, %","Gender pay gap in monthly earning","Percent","807","MKD","North Macedonia","2013","..",
"21","Gender pay gap in monthly earning, %","Gender pay gap in monthly earning","Percent","807","MKD","North Macedonia","2014","8.8",
"21","Gender pay gap in monthly earning, %","Gender pay gap in monthly earning","Percent","807","MKD","North Macedonia","2015","..",
"21","Gender pay gap in monthly earning, %","Gender pay gap in monthly earning","Percent","807","MKD","North Macedonia","2016","..",
"21","Gender pay gap in monthly earning, %","Gender pay gap in monthly earning","Percent","807","MKD","North Macedonia","2017","..",
"21","Gender pay gap in monthly earning, %","Gender pay gap in monthly earning","Percent","807","MKD","North Macedonia","2018","..",
"21","Gender pay gap in monthly earning, %","Gender pay gap in monthly earning","Percent","578","NOR","Norway","2005","15.3",
"21","Gender pay gap in monthly earning, %","Gender pay gap in monthly earning","Percent","578","NOR","Norway","2006","15.4",
"21","Gender pay gap in monthly earning, %","Gender pay gap in monthly earning","Percent","578","NOR","Norway","2007","15.7",
"21","Gender pay gap in monthly earning, %","Gender pay gap in monthly earning","Percent","578","NOR","Norway","2008","16.1",
"21","Gender pay gap in monthly earning, %","Gender pay gap in monthly earning","Percent","578","NOR","Norway","2009","15.3",
"21","Gender pay gap in monthly earning, %","Gender pay gap in monthly earning","Percent","578","NOR","Norway","2010","15.0",
"21","Gender pay gap in monthly earning, %","Gender pay gap in monthly earning","Percent","578","NOR","Norway","2011","14.7",
"21","Gender pay gap in monthly earning, %","Gender pay gap in monthly earning","Percent","578","NOR","Norway","2012","13.5",
"21","Gender pay gap in monthly earning, %","Gender pay gap in monthly earning","Percent","578","NOR","Norway","2013","14.2",
"21","Gender pay gap in monthly earning, %","Gender pay gap in monthly earning","Percent","578","NOR","Norway","2014","13.6",
"21","Gender pay gap in monthly earning, %","Gender pay gap in monthly earning","Percent","578","NOR","Norway","2015","13.9",
"21","Gender pay gap in monthly earning, %","Gender pay gap in monthly earning","Percent","578","NOR","Norway","2016","14.7",
"21","Gender pay gap in monthly earning, %","Gender pay gap in monthly earning","Percent","578","NOR","Norway","2017","13.9",
"21","Gender pay gap in monthly earning, %","Gender pay gap in monthly earning","Percent","578","NOR","Norway","2018","13.3",
"21","Gender pay gap in monthly earning, %","Gender pay gap in monthly earning","Percent","616","POL","Poland","2005","..",
"21","Gender pay gap in monthly earning, %","Gender pay gap in monthly earning","Percent","616","POL","Poland","2006","17.8",
"21","Gender pay gap in monthly earning, %","Gender pay gap in monthly earning","Percent","616","POL","Poland","2007","..",
"21","Gender pay gap in monthly earning, %","Gender pay gap in monthly earning","Percent","616","POL","Poland","2008","18.7",
"21","Gender pay gap in monthly earning, %","Gender pay gap in monthly earning","Percent","616","POL","Poland","2009","..",
"21","Gender pay gap in monthly earning, %","Gender pay gap in monthly earning","Percent","616","POL","Poland","2010","15.0",
"21","Gender pay gap in monthly earning, %","Gender pay gap in monthly earning","Percent","616","POL","Poland","2011","..",
"21","Gender pay gap in monthly earning, %","Gender pay gap in monthly earning","Percent","616","POL","Poland","2012","16.7",
"21","Gender pay gap in monthly earning, %","Gender pay gap in monthly earning","Percent","616","POL","Poland","2013","..",
"21","Gender pay gap in monthly earning, %","Gender pay gap in monthly earning","Percent","616","POL","Poland","2014","17.1",
"21","Gender pay gap in monthly earning, %","Gender pay gap in monthly earning","Percent","616","POL","Poland","2015","..",
"21","Gender pay gap in monthly earning, %","Gender pay gap in monthly earning","Percent","616","POL","Poland","2016","15.6",
"21","Gender pay gap in monthly earning, %","Gender pay gap in monthly earning","Percent","616","POL","Poland","2017","..",
"21","Gender pay gap in monthly earning, %","Gender pay gap in monthly earning","Percent","616","POL","Poland","2018","..",
"21","Gender pay gap in monthly earning, %","Gender pay gap in monthly earning","Percent","620","PRT","Portugal","2005","..",
"21","Gender pay gap in monthly earning, %","Gender pay gap in monthly earning","Percent","620","PRT","Portugal","2006","12.7",
"21","Gender pay gap in monthly earning, %","Gender pay gap in monthly earning","Percent","620","PRT","Portugal","2007","..",
"21","Gender pay gap in monthly earning, %","Gender pay gap in monthly earning","Percent","620","PRT","Portugal","2008","..",
"21","Gender pay gap in monthly earning, %","Gender pay gap in monthly earning","Percent","620","PRT","Portugal","2009","..",
"21","Gender pay gap in monthly earning, %","Gender pay gap in monthly earning","Percent","620","PRT","Portugal","2010","16.9",
"21","Gender pay gap in monthly earning, %","Gender pay gap in monthly earning","Percent","620","PRT","Portugal","2011","..",
"21","Gender pay gap in monthly earning, %","Gender pay gap in monthly earning","Percent","620","PRT","Portugal","2012","..",
"21","Gender pay gap in monthly earning, %","Gender pay gap in monthly earning","Percent","620","PRT","Portugal","2013","..",
"21","Gender pay gap in monthly earning, %","Gender pay gap in monthly earning","Percent","620","PRT","Portugal","2014","18.1",
"21","Gender pay gap in monthly earning, %","Gender pay gap in monthly earning","Percent","620","PRT","Portugal","2015","..",
"21","Gender pay gap in monthly earning, %","Gender pay gap in monthly earning","Percent","620","PRT","Portugal","2016","..",
"21","Gender pay gap in monthly earning, %","Gender pay gap in monthly earning","Percent","620","PRT","Portugal","2017","..",
"21","Gender pay gap in monthly earning, %","Gender pay gap in monthly earning","Percent","620","PRT","Portugal","2018","..",
"21","Gender pay gap in monthly earning, %","Gender pay gap in monthly earning","Percent","498","MDA","Republic of Moldova","2005","18.2",
"21","Gender pay gap in monthly earning, %","Gender pay gap in monthly earning","Percent","498","MDA","Republic of Moldova","2006","13.9",
"21","Gender pay gap in monthly earning, %","Gender pay gap in monthly earning","Percent","498","MDA","Republic of Moldova","2007","18.0",
"21","Gender pay gap in monthly earning, %","Gender pay gap in monthly earning","Percent","498","MDA","Republic of Moldova","2008","19.8",
"21","Gender pay gap in monthly earning, %","Gender pay gap in monthly earning","Percent","498","MDA","Republic of Moldova","2009","18.4",
"21","Gender pay gap in monthly earning, %","Gender pay gap in monthly earning","Percent","498","MDA","Republic of Moldova","2010","20.4",
"21","Gender pay gap in monthly earning, %","Gender pay gap in monthly earning","Percent","498","MDA","Republic of Moldova","2011","2.8",
"21","Gender pay gap in monthly earning, %","Gender pay gap in monthly earning","Percent","498","MDA","Republic of Moldova","2012","3.9",
"21","Gender pay gap in monthly earning, %","Gender pay gap in monthly earning","Percent","498","MDA","Republic of Moldova","2013","8.9",
"21","Gender pay gap in monthly earning, %","Gender pay gap in monthly earning","Percent","498","MDA","Republic of Moldova","2014","7.7",
"21","Gender pay gap in monthly earning, %","Gender pay gap in monthly earning","Percent","498","MDA","Republic of Moldova","2015","13.2",
"21","Gender pay gap in monthly earning, %","Gender pay gap in monthly earning","Percent","498","MDA","Republic of Moldova","2016","14.5",
"21","Gender pay gap in monthly earning, %","Gender pay gap in monthly earning","Percent","498","MDA","Republic of Moldova","2017","13.5",
"21","Gender pay gap in monthly earning, %","Gender pay gap in monthly earning","Percent","498","MDA","Republic of Moldova","2018","..",
"21","Gender pay gap in monthly earning, %","Gender pay gap in monthly earning","Percent","642","ROU","Romania","2005","14.1",
"21","Gender pay gap in monthly earning, %","Gender pay gap in monthly earning","Percent","642","ROU","Romania","2006","13.1",
"21","Gender pay gap in monthly earning, %","Gender pay gap in monthly earning","Percent","642","ROU","Romania","2007","10.6",
"21","Gender pay gap in monthly earning, %","Gender pay gap in monthly earning","Percent","642","ROU","Romania","2008","6.3",
"21","Gender pay gap in monthly earning, %","Gender pay gap in monthly earning","Percent","642","ROU","Romania","2009","6.9",
"21","Gender pay gap in monthly earning, %","Gender pay gap in monthly earning","Percent","642","ROU","Romania","2010","11.0",
"21","Gender pay gap in monthly earning, %","Gender pay gap in monthly earning","Percent","642","ROU","Romania","2011","11.9",
"21","Gender pay gap in monthly earning, %","Gender pay gap in monthly earning","Percent","642","ROU","Romania","2012","9.9",
"21","Gender pay gap in monthly earning, %","Gender pay gap in monthly earning","Percent","642","ROU","Romania","2013","7.8",
"21","Gender pay gap in monthly earning, %","Gender pay gap in monthly earning","Percent","642","ROU","Romania","2014","7.4",
"21","Gender pay gap in monthly earning, %","Gender pay gap in monthly earning","Percent","642","ROU","Romania","2015","7.3",
"21","Gender pay gap in monthly earning, %","Gender pay gap in monthly earning","Percent","642","ROU","Romania","2016","6.7",
"21","Gender pay gap in monthly earning, %","Gender pay gap in monthly earning","Percent","642","ROU","Romania","2017","3.7",
"21","Gender pay gap in monthly earning, %","Gender pay gap in monthly earning","Percent","642","ROU","Romania","2018","..",
"21","Gender pay gap in monthly earning, %","Gender pay gap in monthly earning","Percent","643","RUS","Russian Federation","2005","36.3",
"21","Gender pay gap in monthly earning, %","Gender pay gap in monthly earning","Percent","643","RUS","Russian Federation","2006","..",
"21","Gender pay gap in monthly earning, %","Gender pay gap in monthly earning","Percent","643","RUS","Russian Federation","2007","34.1",
"21","Gender pay gap in monthly earning, %","Gender pay gap in monthly earning","Percent","643","RUS","Russian Federation","2008","..",
"21","Gender pay gap in monthly earning, %","Gender pay gap in monthly earning","Percent","643","RUS","Russian Federation","2009","32.1",
"21","Gender pay gap in monthly earning, %","Gender pay gap in monthly earning","Percent","643","RUS","Russian Federation","2010","..",
"21","Gender pay gap in monthly earning, %","Gender pay gap in monthly earning","Percent","643","RUS","Russian Federation","2011","32.1",
"21","Gender pay gap in monthly earning, %","Gender pay gap in monthly earning","Percent","643","RUS","Russian Federation","2012","..",
"21","Gender pay gap in monthly earning, %","Gender pay gap in monthly earning","Percent","643","RUS","Russian Federation","2013","25.8",
"21","Gender pay gap in monthly earning, %","Gender pay gap in monthly earning","Percent","643","RUS","Russian Federation","2014","..",
"21","Gender pay gap in monthly earning, %","Gender pay gap in monthly earning","Percent","643","RUS","Russian Federation","2015","..",
"21","Gender pay gap in monthly earning, %","Gender pay gap in monthly earning","Percent","643","RUS","Russian Federation","2016","..",
"21","Gender pay gap in monthly earning, %","Gender pay gap in monthly earning","Percent","643","RUS","Russian Federation","2017","..",
"21","Gender pay gap in monthly earning, %","Gender pay gap in monthly earning","Percent","643","RUS","Russian Federation","2018","..",
"21","Gender pay gap in monthly earning, %","Gender pay gap in monthly earning","Percent","688","SRB","Serbia","2005","7.3",
"21","Gender pay gap in monthly earning, %","Gender pay gap in monthly earning","Percent","688","SRB","Serbia","2006","6.7",
"21","Gender pay gap in monthly earning, %","Gender pay gap in monthly earning","Percent","688","SRB","Serbia","2007","3.7",
"21","Gender pay gap in monthly earning, %","Gender pay gap in monthly earning","Percent","688","SRB","Serbia","2008","4.8",
"21","Gender pay gap in monthly earning, %","Gender pay gap in monthly earning","Percent","688","SRB","Serbia","2009","3.5",
"21","Gender pay gap in monthly earning, %","Gender pay gap in monthly earning","Percent","688","SRB","Serbia","2010","7.0",
"21","Gender pay gap in monthly earning, %","Gender pay gap in monthly earning","Percent","688","SRB","Serbia","2011","8.9",
"21","Gender pay gap in monthly earning, %","Gender pay gap in monthly earning","Percent","688","SRB","Serbia","2012","10.1",
"21","Gender pay gap in monthly earning, %","Gender pay gap in monthly earning","Percent","688","SRB","Serbia","2013","11.7",
"21","Gender pay gap in monthly earning, %","Gender pay gap in monthly earning","Percent","688","SRB","Serbia","2014","13.1",
"21","Gender pay gap in monthly earning, %","Gender pay gap in monthly earning","Percent","688","SRB","Serbia","2015","16.7",
"21","Gender pay gap in monthly earning, %","Gender pay gap in monthly earning","Percent","688","SRB","Serbia","2016","17.8",
"21","Gender pay gap in monthly earning, %","Gender pay gap in monthly earning","Percent","688","SRB","Serbia","2017","18.0",
"21","Gender pay gap in monthly earning, %","Gender pay gap in monthly earning","Percent","688","SRB","Serbia","2018","..",
"21","Gender pay gap in monthly earning, %","Gender pay gap in monthly earning","Percent","703","SVK","Slovakia","2005","28.4",
"21","Gender pay gap in monthly earning, %","Gender pay gap in monthly earning","Percent","703","SVK","Slovakia","2006","26.9",
"21","Gender pay gap in monthly earning, %","Gender pay gap in monthly earning","Percent","703","SVK","Slovakia","2007","25.8",
"21","Gender pay gap in monthly earning, %","Gender pay gap in monthly earning","Percent","703","SVK","Slovakia","2008","24.0",
"21","Gender pay gap in monthly earning, %","Gender pay gap in monthly earning","Percent","703","SVK","Slovakia","2009","25.3",
"21","Gender pay gap in monthly earning, %","Gender pay gap in monthly earning","Percent","703","SVK","Slovakia","2010","24.6",
"21","Gender pay gap in monthly earning, %","Gender pay gap in monthly earning","Percent","703","SVK","Slovakia","2011","24.3",
"21","Gender pay gap in monthly earning, %","Gender pay gap in monthly earning","Percent","703","SVK","Slovakia","2012","24.1",
"21","Gender pay gap in monthly earning, %","Gender pay gap in monthly earning","Percent","703","SVK","Slovakia","2013","22.5",
"21","Gender pay gap in monthly earning, %","Gender pay gap in monthly earning","Percent","703","SVK","Slovakia","2014","23.1",
"21","Gender pay gap in monthly earning, %","Gender pay gap in monthly earning","Percent","703","SVK","Slovakia","2015","22.4",
"21","Gender pay gap in monthly earning, %","Gender pay gap in monthly earning","Percent","703","SVK","Slovakia","2016","22.0",
"21","Gender pay gap in monthly earning, %","Gender pay gap in monthly earning","Percent","703","SVK","Slovakia","2017","22.1",
"21","Gender pay gap in monthly earning, %","Gender pay gap in monthly earning","Percent","703","SVK","Slovakia","2018","..",
"21","Gender pay gap in monthly earning, %","Gender pay gap in monthly earning","Percent","705","SVN","Slovenia","2005","6.9",
"21","Gender pay gap in monthly earning, %","Gender pay gap in monthly earning","Percent","705","SVN","Slovenia","2006","6.9",
"21","Gender pay gap in monthly earning, %","Gender pay gap in monthly earning","Percent","705","SVN","Slovenia","2007","7.8",
"21","Gender pay gap in monthly earning, %","Gender pay gap in monthly earning","Percent","705","SVN","Slovenia","2008","7.2",
"21","Gender pay gap in monthly earning, %","Gender pay gap in monthly earning","Percent","705","SVN","Slovenia","2009","2.9",
"21","Gender pay gap in monthly earning, %","Gender pay gap in monthly earning","Percent","705","SVN","Slovenia","2010","3.7",
"21","Gender pay gap in monthly earning, %","Gender pay gap in monthly earning","Percent","705","SVN","Slovenia","2011","4.6",
"21","Gender pay gap in monthly earning, %","Gender pay gap in monthly earning","Percent","705","SVN","Slovenia","2012","5.1",
"21","Gender pay gap in monthly earning, %","Gender pay gap in monthly earning","Percent","705","SVN","Slovenia","2013","5.4",
"21","Gender pay gap in monthly earning, %","Gender pay gap in monthly earning","Percent","705","SVN","Slovenia","2014","5.3",
"21","Gender pay gap in monthly earning, %","Gender pay gap in monthly earning","Percent","705","SVN","Slovenia","2015","5.9",
"21","Gender pay gap in monthly earning, %","Gender pay gap in monthly earning","Percent","705","SVN","Slovenia","2016","5.9",
"21","Gender pay gap in monthly earning, %","Gender pay gap in monthly earning","Percent","705","SVN","Slovenia","2017","5.9",
"21","Gender pay gap in monthly earning, %","Gender pay gap in monthly earning","Percent","705","SVN","Slovenia","2018","..",
"21","Gender pay gap in monthly earning, %","Gender pay gap in monthly earning","Percent","724","ESP","Spain","2005","27.5",
"21","Gender pay gap in monthly earning, %","Gender pay gap in monthly earning","Percent","724","ESP","Spain","2006","26.3",
"21","Gender pay gap in monthly earning, %","Gender pay gap in monthly earning","Percent","724","ESP","Spain","2007","25.6",
"21","Gender pay gap in monthly earning, %","Gender pay gap in monthly earning","Percent","724","ESP","Spain","2008","21.9",
"21","Gender pay gap in monthly earning, %","Gender pay gap in monthly earning","Percent","724","ESP","Spain","2009","22.0",
"21","Gender pay gap in monthly earning, %","Gender pay gap in monthly earning","Percent","724","ESP","Spain","2010","22.5",
"21","Gender pay gap in monthly earning, %","Gender pay gap in monthly earning","Percent","724","ESP","Spain","2011","23.0",
"21","Gender pay gap in monthly earning, %","Gender pay gap in monthly earning","Percent","724","ESP","Spain","2012","23.9",
"21","Gender pay gap in monthly earning, %","Gender pay gap in monthly earning","Percent","724","ESP","Spain","2013","24.0",
"21","Gender pay gap in monthly earning, %","Gender pay gap in monthly earning","Percent","724","ESP","Spain","2014","23.3",
"21","Gender pay gap in monthly earning, %","Gender pay gap in monthly earning","Percent","724","ESP","Spain","2015","22.9",
"21","Gender pay gap in monthly earning, %","Gender pay gap in monthly earning","Percent","724","ESP","Spain","2016","22.3",
"21","Gender pay gap in monthly earning, %","Gender pay gap in monthly earning","Percent","724","ESP","Spain","2017","..",
"21","Gender pay gap in monthly earning, %","Gender pay gap in monthly earning","Percent","724","ESP","Spain","2018","..",
"21","Gender pay gap in monthly earning, %","Gender pay gap in monthly earning","Percent","752","SWE","Sweden","2005","16.3",
"21","Gender pay gap in monthly earning, %","Gender pay gap in monthly earning","Percent","752","SWE","Sweden","2006","15.9",
"21","Gender pay gap in monthly earning, %","Gender pay gap in monthly earning","Percent","752","SWE","Sweden","2007","16.1",
"21","Gender pay gap in monthly earning, %","Gender pay gap in monthly earning","Percent","752","SWE","Sweden","2008","16.0",
"21","Gender pay gap in monthly earning, %","Gender pay gap in monthly earning","Percent","752","SWE","Sweden","2009","14.6",
"21","Gender pay gap in monthly earning, %","Gender pay gap in monthly earning","Percent","752","SWE","Sweden","2010","14.4",
"21","Gender pay gap in monthly earning, %","Gender pay gap in monthly earning","Percent","752","SWE","Sweden","2011","14.1",
"21","Gender pay gap in monthly earning, %","Gender pay gap in monthly earning","Percent","752","SWE","Sweden","2012","14.0",
"21","Gender pay gap in monthly earning, %","Gender pay gap in monthly earning","Percent","752","SWE","Sweden","2013","13.7",
"21","Gender pay gap in monthly earning, %","Gender pay gap in monthly earning","Percent","752","SWE","Sweden","2014","13.1",
"21","Gender pay gap in monthly earning, %","Gender pay gap in monthly earning","Percent","752","SWE","Sweden","2015","12.3",
"21","Gender pay gap in monthly earning, %","Gender pay gap in monthly earning","Percent","752","SWE","Sweden","2016","12.0",
"21","Gender pay gap in monthly earning, %","Gender pay gap in monthly earning","Percent","752","SWE","Sweden","2017","11.2",
"21","Gender pay gap in monthly earning, %","Gender pay gap in monthly earning","Percent","752","SWE","Sweden","2018","..",
"21","Gender pay gap in monthly earning, %","Gender pay gap in monthly earning","Percent","756","CHE","Switzerland","2005","..",
"21","Gender pay gap in monthly earning, %","Gender pay gap in monthly earning","Percent","756","CHE","Switzerland","2006","18.9",
"21","Gender pay gap in monthly earning, %","Gender pay gap in monthly earning","Percent","756","CHE","Switzerland","2007","..",
"21","Gender pay gap in monthly earning, %","Gender pay gap in monthly earning","Percent","756","CHE","Switzerland","2008","19.3",
"21","Gender pay gap in monthly earning, %","Gender pay gap in monthly earning","Percent","756","CHE","Switzerland","2009","..",
"21","Gender pay gap in monthly earning, %","Gender pay gap in monthly earning","Percent","756","CHE","Switzerland","2010","18.4",
"21","Gender pay gap in monthly earning, %","Gender pay gap in monthly earning","Percent","756","CHE","Switzerland","2011","..",
"21","Gender pay gap in monthly earning, %","Gender pay gap in monthly earning","Percent","756","CHE","Switzerland","2012","22.1",
"21","Gender pay gap in monthly earning, %","Gender pay gap in monthly earning","Percent","756","CHE","Switzerland","2013","..",
"21","Gender pay gap in monthly earning, %","Gender pay gap in monthly earning","Percent","756","CHE","Switzerland","2014","15.1",
"21","Gender pay gap in monthly earning, %","Gender pay gap in monthly earning","Percent","756","CHE","Switzerland","2015","..",
"21","Gender pay gap in monthly earning, %","Gender pay gap in monthly earning","Percent","756","CHE","Switzerland","2016","14.6",
"21","Gender pay gap in monthly earning, %","Gender pay gap in monthly earning","Percent","756","CHE","Switzerland","2017","..",
"21","Gender pay gap in monthly earning, %","Gender pay gap in monthly earning","Percent","756","CHE","Switzerland","2018","..",
"21","Gender pay gap in monthly earning, %","Gender pay gap in monthly earning","Percent","762","TJK","Tajikistan","2005","48.0",
"21","Gender pay gap in monthly earning, %","Gender pay gap in monthly earning","Percent","762","TJK","Tajikistan","2006","44.6",
"21","Gender pay gap in monthly earning, %","Gender pay gap in monthly earning","Percent","762","TJK","Tajikistan","2007","43.3",
"21","Gender pay gap in monthly earning, %","Gender pay gap in monthly earning","Percent","762","TJK","Tajikistan","2008","38.7",
"21","Gender pay gap in monthly earning, %","Gender pay gap in monthly earning","Percent","762","TJK","Tajikistan","2009","40.3",
"21","Gender pay gap in monthly earning, %","Gender pay gap in monthly earning","Percent","762","TJK","Tajikistan","2010","44.0",
"21","Gender pay gap in monthly earning, %","Gender pay gap in monthly earning","Percent","762","TJK","Tajikistan","2011","50.9",
"21","Gender pay gap in monthly earning, %","Gender pay gap in monthly earning","Percent","762","TJK","Tajikistan","2012","..",
"21","Gender pay gap in monthly earning, %","Gender pay gap in monthly earning","Percent","762","TJK","Tajikistan","2013","..",
"21","Gender pay gap in monthly earning, %","Gender pay gap in monthly earning","Percent","762","TJK","Tajikistan","2014","..",
"21","Gender pay gap in monthly earning, %","Gender pay gap in monthly earning","Percent","762","TJK","Tajikistan","2015","..",
"21","Gender pay gap in monthly earning, %","Gender pay gap in monthly earning","Percent","762","TJK","Tajikistan","2016","..",
"21","Gender pay gap in monthly earning, %","Gender pay gap in monthly earning","Percent","762","TJK","Tajikistan","2017","..",
"21","Gender pay gap in monthly earning, %","Gender pay gap in monthly earning","Percent","762","TJK","Tajikistan","2018","..",
"21","Gender pay gap in monthly earning, %","Gender pay gap in monthly earning","Percent","804","UKR","Ukraine","2005","29.1",
"21","Gender pay gap in monthly earning, %","Gender pay gap in monthly earning","Percent","804","UKR","Ukraine","2006","27.2",
"21","Gender pay gap in monthly earning, %","Gender pay gap in monthly earning","Percent","804","UKR","Ukraine","2007","27.1",
"21","Gender pay gap in monthly earning, %","Gender pay gap in monthly earning","Percent","804","UKR","Ukraine","2008","24.8",
"21","Gender pay gap in monthly earning, %","Gender pay gap in monthly earning","Percent","804","UKR","Ukraine","2009","22.8",
"21","Gender pay gap in monthly earning, %","Gender pay gap in monthly earning","Percent","804","UKR","Ukraine","2010","22.2",
"21","Gender pay gap in monthly earning, %","Gender pay gap in monthly earning","Percent","804","UKR","Ukraine","2011","25.1",
"21","Gender pay gap in monthly earning, %","Gender pay gap in monthly earning","Percent","804","UKR","Ukraine","2012","22.4",
"21","Gender pay gap in monthly earning, %","Gender pay gap in monthly earning","Percent","804","UKR","Ukraine","2013","22.8",
"21","Gender pay gap in monthly earning, %","Gender pay gap in monthly earning","Percent","804","UKR","Ukraine","2014","23.7",
"21","Gender pay gap in monthly earning, %","Gender pay gap in monthly earning","Percent","804","UKR","Ukraine","2015","25.1",
"21","Gender pay gap in monthly earning, %","Gender pay gap in monthly earning","Percent","804","UKR","Ukraine","2016","25.3",
"21","Gender pay gap in monthly earning, %","Gender pay gap in monthly earning","Percent","804","UKR","Ukraine","2017","21.2",
"21","Gender pay gap in monthly earning, %","Gender pay gap in monthly earning","Percent","804","UKR","Ukraine","2018","..",
"21","Gender pay gap in monthly earning, %","Gender pay gap in monthly earning","Percent","826","GBR","United Kingdom","2005","21.1",
"21","Gender pay gap in monthly earning, %","Gender pay gap in monthly earning","Percent","826","GBR","United Kingdom","2006","20.9",
"21","Gender pay gap in monthly earning, %","Gender pay gap in monthly earning","Percent","826","GBR","United Kingdom","2007","20.8",
"21","Gender pay gap in monthly earning, %","Gender pay gap in monthly earning","Percent","826","GBR","United Kingdom","2008","21.0",
"21","Gender pay gap in monthly earning, %","Gender pay gap in monthly earning","Percent","826","GBR","United Kingdom","2009","19.8",
"21","Gender pay gap in monthly earning, %","Gender pay gap in monthly earning","Percent","826","GBR","United Kingdom","2010","18.3",
"21","Gender pay gap in monthly earning, %","Gender pay gap in monthly earning","Percent","826","GBR","United Kingdom","2011","18.2",
"21","Gender pay gap in monthly earning, %","Gender pay gap in monthly earning","Percent","826","GBR","United Kingdom","2012","17.8",
"21","Gender pay gap in monthly earning, %","Gender pay gap in monthly earning","Percent","826","GBR","United Kingdom","2013","17.5",
"21","Gender pay gap in monthly earning, %","Gender pay gap in monthly earning","Percent","826","GBR","United Kingdom","2014","17.4",
"21","Gender pay gap in monthly earning, %","Gender pay gap in monthly earning","Percent","826","GBR","United Kingdom","2015","17.1",
"21","Gender pay gap in monthly earning, %","Gender pay gap in monthly earning","Percent","826","GBR","United Kingdom","2016","16.8",
"21","Gender pay gap in monthly earning, %","Gender pay gap in monthly earning","Percent","826","GBR","United Kingdom","2017","16.5",
"21","Gender pay gap in monthly earning, %","Gender pay gap in monthly earning","Percent","826","GBR","United Kingdom","2018","..",
"21","Gender pay gap in monthly earning, %","Gender pay gap in monthly earning","Percent","840","USA","United States","2005","41.4",
"21","Gender pay gap in monthly earning, %","Gender pay gap in monthly earning","Percent","840","USA","United States","2006","39.1",
"21","Gender pay gap in monthly earning, %","Gender pay gap in monthly earning","Percent","840","USA","United States","2007","37.9",
"21","Gender pay gap in monthly earning, %","Gender pay gap in monthly earning","Percent","840","USA","United States","2008","..",
"21","Gender pay gap in monthly earning, %","Gender pay gap in monthly earning","Percent","840","USA","United States","2009","..",
"21","Gender pay gap in monthly earning, %","Gender pay gap in monthly earning","Percent","840","USA","United States","2010","..",
"21","Gender pay gap in monthly earning, %","Gender pay gap in monthly earning","Percent","840","USA","United States","2011","..",
"21","Gender pay gap in monthly earning, %","Gender pay gap in monthly earning","Percent","840","USA","United States","2012","..",
"21","Gender pay gap in monthly earning, %","Gender pay gap in monthly earning","Percent","840","USA","United States","2013","..",
"21","Gender pay gap in monthly earning, %","Gender pay gap in monthly earning","Percent","840","USA","United States","2014","..",
"21","Gender pay gap in monthly earning, %","Gender pay gap in monthly earning","Percent","840","USA","United States","2015","..",
"21","Gender pay gap in monthly earning, %","Gender pay gap in monthly earning","Percent","840","USA","United States","2016","..",
"21","Gender pay gap in monthly earning, %","Gender pay gap in monthly earning","Percent","840","USA","United States","2017","..",
"21","Gender pay gap in monthly earning, %","Gender pay gap in monthly earning","Percent","840","USA","United States","2018","..",
